Faculdade,Turmas,Disciplina,Q11,Q12,Q13,Q14,Q15,Q26,Q27,Q28,Q29,Q210,Q211,Q212,Q213,Q314,Q315,Q316,Q41,Q42,Q43,Q44,Q51,Q52,Q53,Q54,Q55,Q56,Q57,Q58
FAESA,2017,ADMINISTRACAO GERENCIAL,4,4,4,3,4,4,4,3,3,3,3,3,3,3,3,3,3,3,3,2,3,3,3,3,3,4,4,4
FAESA,2017,ADMINISTRACAO GERENCIAL,2,2,2,2,2,2,2,2,2,2,2,2,1,2,2,2,2,2,2,2,3,2,2,3,3,3,4,2
FAESA,2017,ADMINISTRACAO GERENCIAL,3,4,3,4,4,2,4,1,4,2,2,4,2,3,3,1,3,4,4,4,4,2,1,2,3,4,4,2
FAESA,2017,ADMINISTRACAO GERENCIAL,4,4,3,3,4,4,4,3,3,3,3,3,2,3,3,4,2,3,3,2,2,3,1,4,4,4,4,1
FAESA,2017,ADMINISTRACAO GERENCIAL,3,3,3,3,3,3,3,3,3,3,3,3,3,3,3,3,3,3,3,3,4,4,4,4,4,4,4,4
FAESA,2017,ADMINISTRACAO GERENCIAL,3,3,3,3,3,3,3,3,3,3,3,3,3,3,3,3,3,3,3,3,4,4,4,4,4,4,4,4
FAESA,2017,ADMINISTRACAO GERENCIAL,3,3,3,3,3,3,3,3,3,3,3,3,3,3,3,3,3,3,3,3,3,3,1,4,4,4,4,4
FAESA,2017,ADMINISTRACAO GERENCIAL,4,4,1,2,3,1,2,1,2,1,1,1,1,1,1,2,3,1,2,3,3,2,2,4,4,4,4,3
FAESA,2017,ADMINISTRACAO GERENCIAL,3,3,2,3,3,3,3,3,3,3,3,3,3,3,3,3,2,2,2,2,4,4,4,4,4,4,4,4
FAESA,2017,ADMINISTRACAO GERENCIAL,3,3,1,1,3,2,2,1,1,1,2,2,1,1,1,3,2,2,3,3,3,4,2,3,3,4,4,2
FAESA,2017,ADMINISTRACAO GERENCIAL,4,4,4,4,4,4,4,4,4,2,2,3,2,3,3,4,3,4,4,4,4,2,1,4,3,3,4,2
FEM,2017,ADMINISTRACAO PARA ENGENHEIROS,4,4,4,4,4,4,4,4,4,4,4,4,4,4,4,4,4,4,4,4,4,3,4,4,4,4,4,4
FEM,2017,ADMINISTRACAO PARA ENGENHEIROS,3,4,4,4,3,4,4,4,2,4,3,3,3,4,4,3,3,4,4,4,3,2,1,3,2,3,4,3
FEM,2017,ADMINISTRACAO PARA ENGENHEIROS,3,3,2,4,4,4,4,3,3,2,4,4,4,4,4,4,4,4,4,4,4,4,4,3,4,4,4,4
FEM,2017,ADMINISTRACAO PARA ENGENHEIROS,4,4,4,4,4,4,4,4,4,4,4,4,4,4,4,4,4,4,4,4,4,2,3,4,4,4,4,4
FEM,2017,ADMINISTRACAO PARA ENGENHEIROS,4,4,4,4,4,4,4,4,4,4,4,4,4,4,4,4,4,4,4,4,4,4,4,4,4,4,4,4
FEM,2017,ADMINISTRACAO PARA ENGENHEIROS,3,3,4,4,3,3,3,3,3,3,3,3,3,4,4,3,3,3,3,3,4,3,2,3,3,4,4,3
FECOMP,2019,ALGEBRA LINEAR,4,4,4,4,4,4,4,4,4,4,4,4,4,4,4,4,4,4,4,4,4,3,4,3,3,0,4,3
FECOMP,2019,ALGEBRA LINEAR,4,4,4,4,4,4,4,4,4,4,4,4,4,4,4,4,4,4,4,4,4,4,4,4,4,4,4,4
FECOMP,2019,ALGEBRA LINEAR,4,4,4,4,4,4,4,4,4,4,4,4,4,4,4,4,4,4,4,4,4,3,3,3,4,4,4,4
FECOMP,2019,ALGEBRA LINEAR,4,4,4,4,4,4,4,4,4,4,4,4,4,4,4,4,4,4,4,3,4,4,3,4,4,4,4,4
FECOMP,2019,ALGEBRA LINEAR,4,4,4,4,4,4,4,4,4,4,4,4,4,4,4,4,4,4,4,4,4,2,3,2,4,2,2,2
FECOMP,2019,ALGEBRA LINEAR,4,4,3,4,4,4,4,4,4,4,4,4,4,3,3,3,3,4,4,3,4,2,2,3,4,4,4,4
FECOMP,2019,ALGEBRA LINEAR,4,4,4,4,4,4,4,4,4,4,4,4,4,4,4,4,3,4,4,4,3,3,3,2,2,2,2,2
FECOMP,2019,ALGEBRA LINEAR,4,4,4,4,4,4,4,4,4,4,4,4,4,4,4,3,3,4,4,4,3,4,2,3,3,4,4,2
FEM,2018,ANALISE E CONTROLE DE RUIDO,4,4,4,4,4,4,4,4,4,4,4,4,4,4,4,4,4,4,4,4,4,4,3,4,4,4,4,4
FECOMP,2019,ARQUITETURA E ORGANIZACAO DE COMPUTADORES,4,4,4,2,2,4,4,2,4,1,4,4,4,4,4,4,4,4,4,4,4,4,1,4,4,4,4,3
FECOMP,2019,ARQUITETURA E ORGANIZACAO DE COMPUTADORES,4,4,4,3,3,3,3,2,4,2,4,4,4,4,4,4,3,3,3,3,3,3,3,3,4,4,4,4
FECOMP,2019,ARQUITETURA E ORGANIZACAO DE COMPUTADORES,4,4,4,4,4,4,4,4,4,4,1,4,1,4,4,4,3,3,4,4,3,3,2,4,4,4,4,3
FECOMP,2018,ATIVIDADES CURRICULARES DE EXTENSAO II,4,4,4,4,4,4,4,4,4,4,4,4,4,4,4,4,4,4,4,4,3,3,3,4,4,4,4,4
FECOMP,2018,ATIVIDADES CURRICULARES DE EXTENSAO II,4,4,4,4,4,4,4,4,4,4,4,4,4,4,4,4,4,4,4,4,3,3,3,2,3,4,4,3
FECOMP,2017,ATIVIDADES CURRICULARES DE EXTENSAO II,2,3,4,4,4,4,4,4,4,3,3,4,4,4,4,4,4,4,4,4,2,2,1,3,4,4,4,3
FECOMP,2017,ATIVIDADES CURRICULARES DE EXTENSAO III,4,4,4,4,4,4,4,4,4,4,4,4,4,4,4,4,4,4,4,4,4,4,4,4,4,4,4,4
FECOMP,2017,ATIVIDADES CURRICULARES DE EXTENSAO III,4,4,4,4,4,4,4,4,4,4,4,4,4,4,4,4,4,4,4,4,4,3,3,4,4,4,4,4
FECOMP,2017,ATIVIDADES CURRICULARES DE EXTENSAO III,4,3,3,4,4,3,3,3,3,3,3,3,3,3,3,3,3,3,3,3,4,3,3,3,3,3,3,3
FECOMP,2017,ATIVIDADES CURRICULARES DE EXTENSAO III,4,4,4,4,4,4,4,3,4,4,4,4,4,4,4,4,4,4,4,4,4,3,4,4,4,4,4,4
FECOMP,2016,AUTOMACAO INDUSTRIAL E CONTROLE DE PROCESSOS,4,4,4,4,4,4,4,4,4,4,4,4,4,4,4,4,4,4,4,4,4,4,4,4,4,4,4,4
FECOMP,2017,AUTOMACAO INDUSTRIAL E CONTROLE DE PROCESSOS,3,4,4,4,4,4,4,3,4,3,4,4,4,4,4,4,4,4,4,4,4,3,4,4,4,4,4,4
FECOMP,2017,AUTOMACAO INDUSTRIAL E CONTROLE DE PROCESSOS,4,4,4,4,4,4,4,4,4,4,4,4,4,4,4,4,4,4,3,4,3,3,3,4,4,3,4,4
FECOMP,2017,AUTOMACAO INDUSTRIAL E CONTROLE DE PROCESSOS,4,4,4,4,4,4,4,4,4,4,4,4,4,4,4,4,4,4,4,4,4,3,3,4,4,4,4,4
FECOMP,2017,AUTOMACAO INDUSTRIAL E CONTROLE DE PROCESSOS,3,3,3,4,4,4,4,3,3,3,3,3,3,3,3,3,3,3,3,3,3,3,3,3,3,3,3,3
FECOMP,2017,AUTOMACAO INDUSTRIAL E CONTROLE DE PROCESSOS,4,4,4,4,4,4,4,4,4,4,4,4,4,4,4,4,4,4,4,4,4,4,4,4,4,4,4,4
FECOMP,2017,BANCO DE DADOS I,4,4,4,4,4,4,4,4,4,4,4,4,4,4,4,4,4,4,4,4,4,4,4,1,4,1,2,1
FECOMP,2017,BANCO DE DADOS I,4,4,4,4,4,4,4,4,4,4,4,4,4,4,4,4,4,4,4,4,4,3,4,4,4,4,4,4
FECOMP,2017,BANCO DE DADOS I,4,4,4,4,4,4,4,4,4,4,4,4,4,4,4,1,1,4,4,4,4,4,1,1,4,4,1,3
FECOMP,2017,BANCO DE DADOS I,4,4,4,4,4,4,4,4,4,3,4,4,3,3,3,3,3,4,4,4,4,3,3,4,4,4,3,3
FECOMP,2017,BANCO DE DADOS I,4,4,4,4,4,4,4,4,3,3,4,3,3,3,4,3,4,4,3,3,4,3,3,3,3,3,3,4
FECOMP,2017,BANCO DE DADOS I,4,4,3,3,4,4,4,3,2,3,4,3,1,2,2,2,1,4,4,4,4,3,4,4,4,4,3,1
FAESA,2020,BIOLOGIA SANITARIA AMBIENTAL,4,4,2,4,4,4,4,2,2,1,2,2,1,3,3,1,1,2,2,2,2,2,1,3,3,3,3,3
FAESA,2020,BIOLOGIA SANITARIA AMBIENTAL,4,4,4,4,4,4,4,4,4,4,4,4,4,4,4,4,4,4,4,4,4,2,3,4,4,4,4,4
FAESA,2019,BIOLOGIA SANITARIA AMBIENTAL,4,4,4,4,4,4,4,4,4,4,4,4,4,4,4,4,3,3,4,4,2,3,3,3,3,3,3,3
FAESA,2020,BIOLOGIA SANITARIA AMBIENTAL,4,4,3,4,4,4,4,4,4,4,4,3,4,4,4,3,4,4,3,4,4,4,3,3,3,4,4,4
FAESA,2020,BIOLOGIA SANITARIA AMBIENTAL,4,4,4,4,4,4,4,4,4,3,4,4,4,4,4,4,4,3,4,4,3,2,3,3,3,3,3,4
FAESA,2019,BIOLOGIA SANITARIA AMBIENTAL,4,4,4,4,4,4,4,4,4,4,4,4,4,4,4,4,4,4,4,4,3,3,4,4,4,4,4,4
FAESA,2020,CALCULO I,1,3,2,4,1,4,2,1,3,2,1,2,2,3,3,1,1,1,1,1,1,2,1,2,1,1,1,1
FAESA,2020,CALCULO I,4,4,3,3,3,4,3,2,3,3,3,3,3,3,3,3,3,3,3,3,4,2,3,3,4,4,4,4
FAESA,2020,CALCULO I,4,4,3,4,3,4,3,3,3,3,4,3,4,3,3,3,3,4,3,4,4,4,3,3,4,4,4,3
FECOMP,2020,CALCULO I,4,4,4,3,4,4,4,4,4,4,4,4,4,4,4,4,4,4,4,4,4,4,4,4,4,4,4,4
FECOMP,2020,CALCULO I,4,4,4,4,4,4,4,4,4,4,4,4,4,4,4,4,4,4,4,3,3,3,3,3,3,4,4,3
FECOMP,2020,CALCULO I,4,4,4,4,4,4,4,4,4,4,4,4,4,4,4,4,4,4,4,3,2,2,4,3,3,4,4,4
FECOMP,2020,CALCULO I,4,4,4,4,4,4,4,4,4,4,4,4,4,4,4,4,4,4,4,3,3,4,3,2,3,4,1,2
FECOMP,2020,CALCULO I,4,4,4,4,4,4,4,4,4,4,4,4,4,4,4,4,4,4,4,4,4,4,4,3,4,3,3,3
FECOMP,2020,CALCULO I,4,4,4,4,4,4,4,4,4,4,4,4,4,4,4,4,4,4,4,4,3,4,3,4,4,4,4,4
FECOMP,2020,CALCULO I,4,4,4,4,4,4,4,4,4,4,4,4,4,4,4,4,4,4,4,4,4,2,4,4,4,4,4,4
FECOMP,2020,CALCULO I,4,4,4,4,4,4,4,4,4,4,4,4,4,4,4,4,4,4,4,4,4,2,2,4,4,4,4,4
FEM,2020,CALCULO I,3,4,3,3,3,3,3,3,2,3,2,2,2,3,3,3,3,3,3,3,3,3,4,4,4,2,3,3
FEM,2020,CALCULO I,3,4,3,3,2,3,3,1,2,3,2,3,2,3,3,4,3,3,3,3,4,3,3,3,3,4,4,3
FEM,2020,CALCULO I,3,3,4,4,2,3,3,2,2,2,2,3,2,2,3,3,2,2,2,2,2,2,3,2,3,4,3,2
FEM,2020,CALCULO I,3,4,2,4,3,4,4,4,4,4,4,4,4,4,4,4,4,4,4,4,4,2,1,2,2,3,3,4
FEM,2020,CALCULO I,4,4,4,4,3,4,4,4,4,3,4,3,3,4,4,3,4,4,4,3,4,3,3,4,4,4,4,4
FEM,2020,CALCULO I,4,4,3,4,3,4,4,3,3,3,4,3,3,3,3,3,3,3,3,3,3,2,3,3,3,4,4,3
FEM,2020,CALCULO I,2,4,4,3,2,1,2,1,1,4,4,4,3,2,2,2,3,2,3,2,4,4,3,4,1,4,4,3
FEM,2020,CALCULO I,2,4,4,4,2,4,4,2,4,4,4,4,4,4,4,4,2,4,4,4,2,2,4,2,4,4,2,4
FAESA,2019,CALCULO II,4,4,4,4,4,4,4,4,4,4,4,4,4,4,4,4,3,4,4,3,3,3,2,2,2,3,3,3
FAESA,2019,CALCULO II,4,4,4,4,4,4,4,3,4,3,4,4,4,4,4,3,4,4,3,4,2,3,1,2,1,1,1,1
FAESA,2020,CALCULO II,4,4,4,4,4,4,4,3,4,4,4,4,4,4,4,3,4,3,3,4,2,2,2,2,3,3,2,3
FAESA,2019,CALCULO II,4,4,3,4,4,4,4,3,3,2,3,3,2,2,3,3,1,2,2,3,2,1,1,2,1,2,2,1
FAESA,2019,CALCULO II,4,4,4,4,4,4,4,4,4,4,4,4,4,4,4,4,4,4,4,3,4,4,4,4,4,4,4,4
FAESA,2019,CALCULO II,4,4,4,4,4,4,4,4,4,3,4,4,1,3,3,2,2,2,4,4,1,2,1,1,1,3,2,1
FAESA,2019,CALCULO II,4,4,4,4,4,4,4,4,4,4,4,4,4,4,4,3,4,4,3,3,2,2,2,1,2,2,1,3
FAESA,2019,CALCULO II,4,4,4,4,4,4,3,4,4,3,4,4,4,4,4,4,4,4,3,4,3,3,2,3,3,3,3,4
FAESA,2019,CALCULO II,4,4,3,4,4,4,4,4,4,2,4,4,4,4,3,2,4,4,3,4,3,2,2,4,3,3,3,4
FAESA,2019,CALCULO II,4,4,4,4,4,4,4,3,4,3,4,4,4,4,4,4,3,4,4,4,2,2,1,3,3,4,3,2
FAESA,2020,CALCULO II,4,4,4,4,4,4,4,4,4,4,4,4,4,4,4,4,4,4,4,4,3,3,4,4,4,4,4,4
FEC  (Goianesia do Para),2019,CALCULO II,3,4,3,3,3,3,3,3,3,3,3,3,3,2,2,3,1,1,3,1,1,1,1,3,3,3,2,1
FEC  (Goianesia do Para),2019,CALCULO II,2,4,2,4,2,4,3,1,1,2,2,2,1,2,1,1,2,1,1,1,4,4,4,4,4,4,4,2
FEC  (Goianesia do Para),2019,CALCULO II,3,3,4,4,4,4,4,4,4,3,4,4,3,4,4,3,4,4,4,4,4,4,4,4,4,4,4,4
FEC  (Goianesia do Para),2019,CALCULO II,3,3,4,4,4,4,4,4,4,3,4,4,3,4,4,3,4,4,4,4,4,4,4,4,4,4,4,4
FEC,2019,CALCULO II,4,4,4,4,4,4,4,4,4,1,4,1,4,1,2,4,3,2,4,4,4,2,4,4,4,4,4,4
FEC  (Goianesia do Para),2019,CALCULO II,4,4,4,4,4,4,4,4,4,4,4,4,4,4,4,4,4,4,4,4,4,3,4,4,4,4,4,4
FEC  (Goianesia do Para),2019,CALCULO II,4,4,4,4,4,4,4,4,4,4,4,4,4,4,4,4,4,4,4,3,4,3,3,4,4,4,4,4
FEC  (Goianesia do Para),2019,CALCULO II,4,4,4,4,3,4,4,3,4,4,4,4,4,4,4,3,3,3,2,2,3,3,2,3,3,4,4,3
FEC  (Goianesia do Para),2019,CALCULO II,2,4,2,4,4,4,4,3,4,2,2,4,4,4,4,4,4,4,4,4,1,3,4,2,3,4,4,1
FECOMP,2019,CALCULO II,4,4,4,4,4,4,4,4,4,4,4,4,4,4,4,4,4,4,4,4,3,3,4,4,4,4,4,4
FECOMP,2019,CALCULO II,4,4,4,4,4,4,4,4,4,4,4,4,4,4,4,4,4,4,4,4,4,4,4,4,4,4,4,4
FECOMP,2019,CALCULO II,4,4,4,4,4,4,4,4,4,4,4,4,4,4,4,4,4,4,4,4,4,3,3,4,4,4,4,4
FECOMP,2019,CALCULO II,4,4,3,4,4,4,4,4,4,4,3,4,4,3,3,4,4,4,3,4,4,3,2,4,4,4,4,4
FECOMP,2019,CALCULO II,4,4,4,4,4,4,4,4,4,4,4,4,4,4,4,4,4,4,4,4,4,4,4,4,4,4,4,4
FECOMP,2019,CALCULO II,4,4,4,4,4,4,4,4,4,4,4,4,4,4,4,4,4,4,2,4,4,4,2,3,3,4,4,3
FEC,2019,CALCULO III,4,4,1,4,4,4,3,1,3,1,4,1,2,3,3,2,1,4,3,1,3,3,1,3,4,3,4,4
FEC,2019,CALCULO III,2,1,1,1,1,3,2,1,3,1,1,1,1,1,1,1,1,1,4,1,4,4,2,4,4,1,2,1
FEC,2019,CALCULO III,3,3,3,3,3,3,3,1,1,1,2,1,1,2,1,1,1,2,2,1,2,2,1,2,3,4,4,1
FEC  (Goianesia do Para),2019,CALCULO III,3,3,4,3,4,4,4,4,4,3,3,3,4,4,4,3,3,4,4,3,3,4,4,4,4,4,4,3
FEC  (Goianesia do Para),2019,CALCULO III,4,4,3,4,3,3,3,2,3,2,3,3,2,2,2,2,1,3,3,1,2,1,1,3,3,3,3,3
FEC  (Goianesia do Para),2019,CALCULO III,4,4,4,4,3,4,4,2,3,3,4,3,3,3,4,2,2,2,2,2,2,1,2,4,3,3,4,1
FEC,2019,CALCULO III,1,1,1,1,1,1,1,1,1,1,1,1,1,1,1,1,1,1,1,1,1,1,1,1,1,1,1,1
FEM,2016,CLIMATIZACAO,4,4,4,4,4,4,4,4,4,4,4,4,4,4,4,4,4,4,4,4,4,4,4,4,4,4,4,4
FEM,2016,CLIMATIZACAO,3,3,3,4,2,4,3,2,2,2,4,2,3,1,1,1,3,4,3,2,3,3,4,4,3,3,3,2
FECOMP,2016,COMPUTACAO GRAFICA E PROCESSAMENTO DE IMAGENS,4,4,4,3,1,2,2,1,1,2,1,1,1,1,1,1,1,1,1,2,3,4,3,3,3,1,4,1
FECOMP,2016,COMPUTACAO GRAFICA E PROCESSAMENTO DE IMAGENS,3,3,3,3,2,4,3,2,2,2,3,3,3,3,3,3,3,3,3,3,3,3,3,3,3,3,3,3
FEM,2020,CONFORMACAO PLASTICA,3,3,4,4,4,4,4,4,4,3,3,3,3,3,3,3,3,3,3,3,3,3,3,3,3,3,3,3
FEM,2018,CONFORMACAO PLASTICA,3,3,3,3,3,3,3,3,3,3,3,3,3,3,3,3,3,3,3,3,3,3,3,3,3,4,3,3
FEM,2018,CONFORMACAO PLASTICA,4,4,4,4,4,4,4,4,4,4,4,4,4,4,4,4,4,4,4,4,4,4,3,4,4,4,4,4
FEM,2018,CONFORMACAO PLASTICA,4,4,3,4,4,4,4,3,4,4,3,3,3,3,4,4,4,3,4,4,3,2,2,4,3,4,4,4
FEM,2018,CONFORMACAO PLASTICA,3,4,3,4,4,4,3,4,3,4,3,3,4,3,3,4,4,4,4,3,4,3,2,3,3,3,4,3
FEM,2018,CONFORMACAO PLASTICA,3,4,3,4,4,4,3,4,3,4,3,3,4,3,3,4,4,4,4,3,4,3,2,3,3,3,4,3
FAESA,2016,DRENAGEM URBANA,3,4,4,4,4,4,4,4,4,3,4,4,4,4,4,2,4,4,4,4,4,4,3,3,3,4,4,3
FAESA,2016,DRENAGEM URBANA,3,3,4,4,4,4,3,4,3,3,4,3,3,3,2,2,3,3,3,3,3,2,3,4,3,4,4,4
FAESA,2016,DRENAGEM URBANA,4,4,4,4,4,4,4,4,4,4,4,4,4,4,4,4,4,4,4,4,3,3,3,3,4,3,4,4
FAESA,2016,DRENAGEM URBANA,4,4,4,4,4,4,4,4,4,4,4,4,4,4,4,2,3,2,3,4,4,4,4,3,3,3,4,4
FAESA,2016,DRENAGEM URBANA,4,4,4,4,4,4,4,4,4,4,4,4,4,4,4,3,4,4,4,4,4,4,3,3,4,3,4,3
FAESA,2016,DRENAGEM URBANA,4,4,4,4,4,4,4,4,4,4,4,4,4,4,4,4,4,4,4,4,3,4,3,4,3,4,4,4
FAESA,2016,DRENAGEM URBANA,4,4,4,4,4,4,4,4,4,4,4,4,4,4,4,4,4,4,4,4,4,4,3,4,4,4,3,4
FECOMP,2016,EDUCACAO AMBIENTAL,4,4,4,4,4,4,4,4,4,4,4,4,4,4,4,4,4,4,4,4,3,4,4,4,4,3,4,4
FECOMP,2016,EDUCACAO AMBIENTAL,3,3,3,3,2,4,3,3,3,3,3,3,3,3,3,3,2,3,3,4,3,3,2,3,3,3,4,2
FECOMP,2016,EDUCACAO AMBIENTAL,3,4,4,4,4,4,4,4,3,3,4,4,3,3,3,3,4,4,4,4,4,4,4,4,4,4,4,4
FAESA,2017,EDUCACAO AMBIENTAL PARTICIPATIVA,4,4,4,4,4,4,4,4,4,4,4,4,4,4,4,4,4,4,4,4,4,3,3,4,4,4,4,4
FAESA,2015,EDUCACAO AMBIENTAL PARTICIPATIVA,4,4,4,4,4,4,4,4,4,4,4,4,4,4,4,4,4,4,4,4,4,4,4,4,4,4,4,4
FAESA,2017,EDUCACAO AMBIENTAL PARTICIPATIVA,4,4,4,4,4,4,2,4,4,2,4,4,4,4,4,3,3,4,4,3,4,2,1,1,4,3,4,4
FAESA,2017,EDUCACAO AMBIENTAL PARTICIPATIVA,4,4,4,4,4,4,4,4,4,4,4,4,4,4,4,4,4,4,4,4,4,4,4,4,4,4,4,4
FAESA,2017,EDUCACAO AMBIENTAL PARTICIPATIVA,4,4,4,4,4,4,4,4,4,4,4,4,4,4,4,4,4,4,4,4,4,4,1,4,4,4,4,4
FAESA,2017,EDUCACAO AMBIENTAL PARTICIPATIVA,4,4,4,4,4,4,4,4,4,4,4,4,4,4,4,4,4,4,4,4,3,3,3,4,3,3,4,4
FAESA,2017,EDUCACAO AMBIENTAL PARTICIPATIVA,4,4,4,4,4,4,4,4,4,4,4,4,4,4,4,4,4,4,4,4,4,4,4,4,4,4,4,4
FAESA,2017,EDUCACAO AMBIENTAL PARTICIPATIVA,4,4,4,4,4,4,4,4,4,4,4,4,4,4,4,4,4,4,4,4,4,4,3,4,3,4,4,4
FAESA,2017,EDUCACAO AMBIENTAL PARTICIPATIVA,4,4,4,4,4,4,4,4,4,4,4,4,4,4,4,4,4,4,4,3,4,3,2,4,4,4,4,4
FEM,2017,ELEMENTOS DE MAQUINAS II,4,4,4,4,4,4,4,4,4,4,4,4,4,4,4,4,4,4,4,4,4,3,4,4,4,4,4,4
FEM,2017,ELEMENTOS DE MAQUINAS II,4,4,4,4,4,4,4,4,4,3,4,4,4,4,4,4,3,4,4,4,3,3,3,4,4,4,4,4
FEM,2017,ELEMENTOS DE MAQUINAS II,4,4,3,4,4,4,4,4,4,3,4,4,4,4,4,4,4,4,4,3,4,2,1,3,4,4,4,4
FEM,2017,ELEMENTOS DE MAQUINAS II,4,4,4,4,4,4,4,4,4,4,4,4,4,4,4,4,4,4,4,4,4,4,3,4,4,3,4,2
FEM,2017,ELEMENTOS DE MAQUINAS II,4,4,4,4,4,4,4,4,4,4,4,4,4,4,4,4,4,4,4,3,4,2,2,4,4,4,4,4
FEM,2017,ELEMENTOS DE MAQUINAS II,4,4,4,4,4,4,4,4,4,4,4,4,4,4,4,4,4,4,4,4,4,4,4,4,4,3,4,4
FEM,2017,ELEMENTOS DE MAQUINAS II,4,3,4,4,4,4,3,4,4,4,4,4,4,4,4,4,4,4,4,3,4,3,2,3,4,4,4,4
FECOMP,2018,ELETRONICA ANALOGICA,4,4,4,4,4,4,4,4,3,4,4,4,4,4,4,4,3,4,4,4,4,3,3,3,4,3,4,2
FECOMP,2018,ELETRONICA ANALOGICA,4,4,4,4,4,4,4,2,3,2,2,3,2,4,4,4,2,3,4,3,3,4,3,3,3,4,3,1
FECOMP,2020,ELETRONICA DIGITAL,3,2,1,4,3,4,4,1,1,1,2,2,2,3,3,1,3,3,3,2,1,3,2,3,2,2,3,2
FECOMP,2020,ELETRONICA DIGITAL,1,2,1,2,4,3,2,1,1,1,2,1,1,3,3,2,2,1,2,1,3,3,4,4,3,4,4,1
FECOMP,2020,ELETRONICA DIGITAL,1,1,2,4,4,2,2,2,2,1,4,3,2,4,4,4,1,3,3,3,4,4,3,2,2,3,2,1
FECOMP,2020,ELETRONICA DIGITAL,2,3,2,4,4,4,4,1,1,1,2,2,2,2,2,2,2,3,4,4,2,4,3,4,4,4,4,2
FECOMP,2020,ELETRONICA DIGITAL,1,2,1,2,3,4,4,1,1,1,1,1,2,2,2,2,1,1,1,3,2,2,4,4,4,4,3,2
FECOMP,2020,ELETRONICA DIGITAL,1,1,1,2,4,1,3,1,1,1,1,1,1,2,1,1,1,1,1,1,3,3,2,3,3,4,4,1
FECOMP,2017,ELETRONICA DIGITAL,4,4,4,4,4,4,4,4,4,4,4,4,4,4,4,4,4,4,4,4,4,4,3,4,4,3,4,4
FEM,2018,ELETROTECNICA,4,4,4,4,4,4,4,3,4,2,4,4,4,4,4,4,4,4,4,3,4,4,3,4,4,4,4,3
FEM,2018,ELETROTECNICA,4,4,4,4,3,4,4,3,4,4,3,4,4,4,4,4,4,3,3,4,2,2,2,4,3,4,4,4
FEM,2017,ENGENHARIA AMBIENTAL,4,4,4,4,4,4,4,4,4,4,4,4,4,4,4,4,4,4,4,4,2,3,3,4,4,4,4,4
FEM,2017,ENGENHARIA AMBIENTAL,4,4,4,4,4,4,4,4,4,3,4,4,4,3,3,2,3,4,4,4,3,2,1,3,3,3,2,3
FEM,2017,ENGENHARIA AMBIENTAL,4,4,4,4,4,4,4,4,4,3,4,4,4,3,2,1,3,4,4,4,4,4,3,4,4,3,4,3
FEM,2017,ENGENHARIA AMBIENTAL,4,4,4,4,4,4,4,4,4,4,4,4,4,4,4,4,4,4,4,4,4,2,3,4,4,4,4,4
FEM,2017,ENGENHARIA AMBIENTAL,2,2,3,4,3,4,4,3,3,2,3,3,3,3,3,3,3,3,3,3,3,3,3,3,3,4,3,3
FEM,2017,ENGENHARIA AMBIENTAL,3,2,3,4,4,3,2,3,3,2,3,3,3,2,3,2,3,3,3,3,3,3,2,3,3,3,3,3
FAESA,2020,ESTATISTICA,3,4,3,4,4,4,4,4,4,4,3,4,4,4,4,4,4,4,3,4,4,2,3,4,4,3,4,3
FAESA,2020,ESTATISTICA,4,4,4,4,4,4,4,4,4,2,4,4,2,4,4,2,4,4,4,4,3,3,1,3,4,3,3,2
FAESA,2020,ESTATISTICA,4,4,4,4,4,4,4,3,3,4,4,3,3,3,3,3,3,2,3,4,3,4,2,3,3,4,4,2
FEM,2020,ESTATISTICA APLICADA,4,4,3,4,4,4,4,3,4,3,3,3,3,3,4,3,3,3,3,3,3,3,4,4,4,4,4,4
FEM,2020,ESTATISTICA APLICADA,4,3,4,4,4,4,4,4,4,4,3,3,3,3,3,3,3,3,4,3,3,2,3,3,3,4,4,3
FEM,2020,ESTATISTICA APLICADA,4,4,4,4,4,4,4,4,4,4,4,4,4,4,4,4,4,4,4,4,4,4,4,4,4,4,4,4
FEM,2020,ESTATISTICA APLICADA,3,4,4,4,4,3,3,3,3,2,4,3,4,4,4,4,3,3,3,3,2,3,2,2,1,1,4,3
FEM,2020,ESTATISTICA APLICADA,4,4,4,4,3,4,4,4,4,4,4,4,4,4,4,4,3,4,4,4,4,4,4,4,4,4,3,4
FEM,2020,ESTRUTURA E PROPRIEDADE DOS MATERIAIS (EPM),4,4,4,4,4,4,4,4,4,4,4,4,4,4,4,4,3,3,4,3,3,3,4,4,4,4,4,4
FEM,2020,ESTRUTURA E PROPRIEDADE DOS MATERIAIS (EPM),4,3,4,4,4,4,4,4,4,3,3,3,3,3,4,3,3,3,4,3,3,3,3,3,3,4,4,4
FEM,2020,ESTRUTURA E PROPRIEDADE DOS MATERIAIS (EPM),4,4,4,4,4,4,4,4,4,4,4,4,4,4,4,4,4,4,4,4,4,4,4,4,4,4,4,4
FEM,2020,ESTRUTURA E PROPRIEDADE DOS MATERIAIS (EPM),4,4,4,4,4,4,4,4,4,3,4,4,4,4,4,4,4,4,3,4,4,4,4,4,4,4,4,4
FEM,2020,ESTRUTURA E PROPRIEDADE DOS MATERIAIS (EPM),4,4,4,4,4,4,4,4,4,4,3,3,3,3,3,3,3,3,3,3,2,2,2,2,2,3,3,3
FEC,2017,ESTRUTURAS DE CONCRETO I,3,2,2,3,4,4,2,3,3,2,3,3,2,3,3,1,2,2,3,2,3,2,2,4,3,3,4,3
FEC,2017,ESTRUTURAS DE CONCRETO I,1,1,1,3,4,2,1,1,1,1,2,1,1,1,1,1,1,1,1,1,4,3,3,4,3,3,4,1
FEC,2017,ESTRUTURAS DE CONCRETO I,1,1,1,2,4,1,1,2,2,1,1,1,1,2,1,1,1,3,3,2,4,3,3,3,4,3,4,3
FEC,2017,ESTRUTURAS DE CONCRETO: PATOLOGIAS E REABILITACAO,4,3,4,4,4,4,4,4,4,3,3,4,3,3,3,3,4,4,4,2,3,3,3,4,4,3,4,3
FECOMP,2019,ESTRUTURAS DE DADOS,4,4,4,4,4,4,4,4,4,4,4,4,4,4,4,4,4,4,4,4,3,3,4,4,4,4,4,4
FECOMP,2019,ESTRUTURAS DE DADOS,4,4,4,4,4,4,4,4,4,4,4,4,4,4,4,4,4,4,4,4,4,4,4,4,4,4,4,4
FECOMP,2019,ESTRUTURAS DE DADOS,4,4,4,4,4,4,4,2,3,3,1,3,2,3,2,2,1,2,1,3,2,3,3,1,2,3,1,1
FECOMP,2019,ESTRUTURAS DE DADOS,3,3,3,3,3,1,2,1,1,1,1,2,1,2,1,1,1,2,4,1,2,3,1,3,3,3,2,1
FECOMP,2019,ESTRUTURAS DE DADOS,4,4,4,3,3,2,3,3,3,2,2,3,2,3,3,3,1,3,3,3,3,3,3,1,2,2,1,1
FEC,2017,ESTRUTURAS DE MADEIRA,4,4,4,4,4,4,4,4,4,4,4,4,4,4,4,4,4,4,4,4,3,3,3,4,4,4,4,4
FAESA,2019,FISICA FUNDAMENTAL I,4,4,4,4,4,4,4,4,4,3,4,4,4,4,4,4,3,3,4,4,3,3,2,2,3,3,3,3
FAESA,2019,FISICA FUNDAMENTAL I,4,4,4,4,4,4,4,4,4,4,4,4,4,4,4,4,1,4,3,4,2,3,1,1,1,1,1,1
FAESA,2019,FISICA FUNDAMENTAL I,4,4,4,4,4,4,4,4,4,4,4,4,4,4,4,4,4,4,4,4,3,3,4,4,4,4,4,4
FAESA,2018,FISICA FUNDAMENTAL III,4,4,4,4,4,4,4,4,4,4,4,4,4,3,3,3,2,3,2,3,2,1,2,3,3,3,2,1
FAESA,2018,FISICA FUNDAMENTAL III,4,4,4,4,4,4,3,4,4,4,4,4,4,4,4,4,4,4,4,3,4,4,4,4,4,4,4,4
FECOMP,2019,FISICA I,2,3,2,4,4,3,3,2,3,2,2,3,3,3,3,3,2,2,3,2,2,2,3,2,3,4,4,2
FECOMP,2016,FISICA I,4,4,2,3,4,4,4,2,2,2,4,2,2,2,2,2,1,2,2,1,4,4,2,3,3,2,3,3
FECOMP,2020,FISICA I,4,4,4,4,4,4,4,3,3,3,4,2,3,2,2,2,3,3,3,3,3,3,4,4,3,4,4,3
FECOMP,2019,FISICA I,4,4,1,4,4,1,1,4,1,1,4,4,4,4,4,4,4,4,4,4,4,4,4,4,4,4,4,4
FECOMP,2020,FISICA I,3,4,4,4,4,4,4,2,3,4,3,4,3,3,2,2,3,4,4,4,2,4,3,4,4,4,4,2
FECOMP,2020,FISICA I,4,4,4,4,4,4,4,4,4,4,4,4,4,4,4,4,4,4,4,4,4,4,4,4,4,4,4,4
FECOMP,2020,FISICA I,2,4,1,3,3,3,4,1,1,1,1,1,1,4,3,3,1,3,3,3,3,3,2,3,3,4,3,1
FECOMP,2017,FISICA I,4,4,4,4,4,4,4,4,4,4,3,4,4,4,4,4,4,4,4,4,4,4,4,4,4,3,4,4
FEM,2019,FISICA I,4,4,4,3,4,4,4,4,4,4,4,4,4,4,4,4,4,4,4,4,3,3,1,4,3,4,4,4
FEM,2020,FISICA I,4,4,3,4,4,3,4,4,3,2,3,3,3,2,2,4,3,3,3,2,3,2,4,4,3,3,4,4
FECOMP,2017,FISICA II,4,4,4,4,4,4,4,4,4,4,4,4,4,4,4,4,4,4,4,4,4,4,4,4,4,4,4,4
FECOMP,2019,FISICA II,3,3,4,3,4,4,4,4,3,3,4,4,4,4,3,4,3,3,4,4,2,3,3,2,3,3,4,2
FECOMP,2019,FISICA II,4,4,4,4,4,4,4,4,4,4,4,4,4,4,4,4,4,4,4,4,4,4,4,4,4,4,4,4
FECOMP,2018,FISICA II,4,4,2,4,4,4,4,4,4,4,4,4,4,4,4,2,4,4,4,4,4,3,2,3,4,3,4,4
FECOMP,2019,FISICA II,3,4,2,3,4,2,3,2,2,3,3,2,2,3,3,3,2,3,3,3,2,3,2,2,2,3,3,1
FECOMP,2018,FISICA II,3,3,3,4,4,4,3,3,4,4,4,4,4,4,4,4,3,3,3,1,1,4,3,2,4,3,3,4
FECOMP,2019,FISICA II,4,4,4,4,4,4,4,4,2,2,4,3,2,4,4,4,4,4,4,4,4,3,4,4,4,4,4,4
FECOMP,2019,FISICA II,1,3,3,3,3,4,3,3,2,1,2,2,2,3,3,4,1,2,3,2,3,3,1,1,2,2,2,1
FECOMP,2017,FISICA II,4,4,4,4,4,4,4,4,4,4,4,4,4,4,4,4,4,4,4,4,4,4,4,4,4,4,4,4
FEM,2019,FISICA II,4,3,2,4,4,4,3,2,4,4,4,4,4,4,4,4,3,4,4,2,3,3,3,4,4,4,4,3
FEM,2019,FISICA II,4,4,3,4,4,4,4,3,4,3,4,4,4,4,4,4,4,4,4,4,4,4,4,4,4,4,4,4
FEM,2019,FISICA II,4,4,2,3,3,3,3,2,3,2,3,3,2,2,3,3,3,3,3,3,2,2,3,2,2,2,2,2
FEC  (Goianesia do Para),2019,FISICA TEORICA APLICADA I,2,4,4,4,4,3,3,4,4,4,3,4,4,4,4,4,4,4,4,4,4,4,4,4,4,4,4,4
FEC,2019,FISICA TEORICA APLICADA I,4,4,4,4,4,4,4,4,4,4,4,4,4,4,4,4,4,4,4,4,4,3,3,4,4,4,4,4
FEC  (Goianesia do Para),2019,FISICA TEORICA APLICADA I,1,1,2,4,3,1,1,2,2,1,3,3,1,3,2,1,1,3,2,1,3,3,4,3,3,4,4,1
FEC,2019,FISICA TEORICA APLICADA II,4,4,4,4,4,4,4,4,4,4,4,4,4,4,4,4,4,4,4,4,2,1,1,3,3,4,4,4
FEC,2019,FISICA TEORICA APLICADA II,2,3,4,3,4,1,3,3,4,4,4,4,4,4,4,4,4,4,4,4,4,3,1,3,3,3,4,3
FEC,2019,FISICA TEORICA APLICADA II,2,2,1,3,3,2,3,1,2,1,2,1,1,3,1,1,2,3,2,2,4,4,3,4,4,4,4,3
FEC,2019,FISICA TEORICA APLICADA II,1,1,2,3,3,3,2,3,3,2,3,2,3,2,3,3,3,3,3,3,2,2,1,3,3,3,3,3
FEC,2019,FISICA TEORICA APLICADA II,4,4,4,4,4,4,4,4,3,4,3,3,3,4,4,3,4,4,4,4,3,3,2,4,3,4,4,4
FEC  (Goianesia do Para),2019,FISICA TEORICA APLICADA II,2,3,4,4,4,2,3,4,4,4,4,4,4,4,4,4,4,4,4,4,4,4,4,4,4,4,4,2
FAESA,2018,FUNDAMENTOS E T. DO DESENVOLVIMENTO SUSTENTAVEL,4,3,3,4,4,4,3,4,4,4,4,4,3,3,3,3,3,3,4,4,2,3,2,3,3,4,3,3
FEC,2019,GEOLOGIA DE ENGENHARIA,4,4,4,4,4,4,4,4,4,4,4,4,4,4,3,4,3,4,4,4,2,1,1,3,3,4,4,4
FEC,2019,GEOLOGIA DE ENGENHARIA,4,4,4,4,4,4,4,4,4,4,4,4,4,4,4,4,4,4,4,4,2,3,1,3,4,3,4,4
FEC,2019,GEOLOGIA DE ENGENHARIA,4,4,4,4,4,4,4,3,4,4,4,4,4,4,4,2,4,4,4,4,4,4,3,4,4,4,4,4
FEC,2018,GEOLOGIA DE ENGENHARIA,4,4,4,4,4,4,4,4,4,3,4,4,4,3,4,4,4,4,4,4,2,1,3,3,3,3,4,4
FEC,2019,GEOLOGIA DE ENGENHARIA,3,3,3,3,3,3,3,1,1,2,2,2,2,2,2,2,1,2,2,3,2,2,1,3,3,3,3,1
FEC,2019,GEOLOGIA DE ENGENHARIA,4,4,4,4,4,4,4,4,4,4,4,4,4,4,4,4,4,3,4,4,3,3,3,4,3,4,3,4
FEC  (Goianesia do Para),2019,GEOLOGIA DE ENGENHARIA,3,4,4,4,4,4,3,4,4,4,4,4,3,4,3,3,4,4,4,2,2,3,3,3,3,3,3,3
FEC  (Goianesia do Para),2019,GEOLOGIA DE ENGENHARIA,4,4,4,4,4,4,4,4,4,4,4,4,4,4,4,4,4,4,4,4,4,4,4,4,4,4,4,4
FEC  (Goianesia do Para),2019,GEOLOGIA DE ENGENHARIA,4,4,4,4,4,4,4,4,4,4,4,4,4,4,4,4,4,4,4,4,4,4,4,4,4,4,4,3
FEC  (Goianesia do Para),2019,GEOLOGIA DE ENGENHARIA,4,4,4,4,4,4,4,4,4,3,4,4,4,4,4,4,3,4,4,4,3,3,4,4,4,4,4,4
FEC  (Goianesia do Para),2019,GEOLOGIA DE ENGENHARIA,4,4,4,4,4,4,4,4,4,4,4,4,4,4,4,4,4,4,4,4,4,4,4,4,4,4,4,4
FEC,2019,GEOLOGIA DE ENGENHARIA,4,4,4,4,4,4,4,4,4,4,4,4,4,4,4,4,4,4,4,4,4,3,4,4,4,4,4,4
FEC,2019,GEOLOGIA DE ENGENHARIA,4,4,4,4,4,4,4,4,4,4,4,4,4,4,4,4,4,4,4,4,4,4,4,4,4,4,4,4
FEC  (Goianesia do Para),2019,GEOLOGIA DE ENGENHARIA,4,4,4,4,4,4,4,4,4,4,4,4,4,4,4,4,3,4,4,4,3,3,4,4,2,4,4,4
FEC  (Goianesia do Para),2019,GEOLOGIA DE ENGENHARIA,4,4,4,4,4,4,4,4,4,4,4,4,4,4,4,4,4,4,4,4,4,4,4,4,4,4,4,4
FEC  (Goianesia do Para),2019,GEOLOGIA DE ENGENHARIA,4,4,4,4,4,4,4,4,3,3,3,4,3,3,3,4,3,4,4,3,3,3,2,3,4,4,4,2
FEC  (Goianesia do Para),2019,GEOLOGIA DE ENGENHARIA,4,4,4,4,4,4,4,4,4,4,4,4,4,4,4,4,4,4,4,4,4,4,4,4,4,4,4,4
FEC,2018,GEOTECNIA AMBIENTAL,4,4,4,4,4,4,4,4,4,4,4,4,4,4,4,4,4,4,4,4,4,4,2,2,4,4,4,4
FEC,2018,GEOTECNIA AMBIENTAL,4,4,4,4,4,4,4,4,4,4,4,4,4,4,4,4,4,4,4,4,4,2,4,4,4,3,4,4
FEC,2018,GEOTECNIA AMBIENTAL,4,4,4,4,4,4,4,4,3,3,4,4,4,4,4,3,4,4,4,4,4,2,4,4,3,4,4,4
FEC,2018,GEOTECNIA AMBIENTAL,4,4,4,4,4,4,4,4,4,4,4,4,4,4,4,4,4,4,4,4,4,3,3,4,4,3,4,4
FEC,2018,GEOTECNIA AMBIENTAL,4,4,3,4,4,3,4,3,4,3,1,4,4,3,4,4,4,4,4,4,3,2,3,3,3,4,3,4
FEC,2018,GEOTECNIA AMBIENTAL,4,4,4,3,4,4,4,4,4,4,4,4,4,4,4,4,4,4,4,4,4,4,4,3,3,3,4,4
FEM,2016,GERENCIA DE MANUTENCAO,4,4,4,4,4,4,4,4,4,4,4,4,4,4,4,4,4,4,4,4,4,4,4,4,4,4,4,4
FEM,2017,HIDRAULICA E PNEUMATICA,3,4,3,4,4,2,3,3,3,2,2,3,3,3,3,3,2,3,3,3,3,3,3,3,3,2,3,1
FEM,2017,HIDRAULICA E PNEUMATICA,3,3,2,2,2,1,1,2,2,2,3,2,1,2,1,1,1,2,2,2,1,2,1,1,2,1,3,2
FEM,2018,HIDRAULICA E PNEUMATICA,4,4,4,4,4,4,4,2,3,4,4,4,4,4,4,4,4,4,4,4,4,4,3,4,4,3,4,3
FEM,2017,HIDRAULICA E PNEUMATICA,4,4,4,4,4,4,4,3,3,3,3,3,3,3,3,3,4,4,4,4,3,4,2,3,3,3,4,4
FAESA,2018,HIDRAULICA GERAL I,4,4,3,4,4,3,3,3,4,3,4,4,3,3,4,3,3,3,4,3,2,2,2,4,4,4,3,3
FAESA,2017,HIDROBIOLOGIA E LIMNOLOGIA,4,4,3,3,4,4,3,3,3,3,4,3,3,3,3,3,4,4,4,4,3,3,3,4,4,4,4,4
FAESA,2017,HIDROBIOLOGIA E LIMNOLOGIA,4,4,3,3,4,1,4,2,3,2,2,3,2,3,3,4,3,3,4,4,4,2,1,3,4,4,3,3
FAESA,2017,HIDROBIOLOGIA E LIMNOLOGIA,3,3,3,3,3,3,3,3,3,3,3,3,3,3,3,3,3,3,3,3,4,3,1,4,4,4,4,4
FAESA,2017,HIDROBIOLOGIA E LIMNOLOGIA,4,4,1,2,3,1,2,2,1,1,1,2,1,2,1,2,3,2,3,3,3,2,2,4,4,4,4,3
FAESA,2017,HIDROBIOLOGIA E LIMNOLOGIA,1,4,2,3,3,4,4,2,2,2,1,1,1,1,2,1,2,1,1,4,4,2,3,4,3,4,4,4
FAESA,2017,HIDROBIOLOGIA E LIMNOLOGIA,2,2,1,2,2,1,1,1,1,1,2,2,1,2,1,2,1,2,2,2,3,3,3,3,3,3,3,2
FAESA,2017,HIDROBIOLOGIA E LIMNOLOGIA,3,3,1,1,3,2,3,1,1,1,2,2,1,1,1,1,2,2,3,3,3,4,2,3,3,4,4,2
FAESA,2017,HIDROBIOLOGIA E LIMNOLOGIA,4,4,4,4,4,4,4,4,4,3,3,4,2,4,4,4,4,4,4,4,4,2,1,3,4,4,4,3
FEC,2017,IMPACTOS AMBIENTAIS DE OBRAS CIVIS I,3,4,4,4,4,4,3,4,4,4,3,4,4,4,3,1,4,4,4,3,4,3,3,2,4,3,4,3
FEC,2017,IMPACTOS AMBIENTAIS DE OBRAS CIVIS I,4,4,3,4,4,4,4,4,3,3,2,4,4,4,3,3,4,4,4,4,4,4,3,3,4,2,4,4
FEC,2017,IMPACTOS AMBIENTAIS DE OBRAS CIVIS I,3,4,3,4,4,4,4,4,4,4,4,3,3,3,3,1,4,4,4,4,3,3,3,3,4,4,4,3
FAESA,2019,INFORMATICA APLICADA A ENGENHARIA,2,1,2,3,3,2,2,2,3,2,4,3,3,2,2,3,3,3,3,3,4,4,3,4,4,4,4,3
FAESA,2019,INFORMATICA APLICADA A ENGENHARIA,4,4,4,4,4,4,4,3,4,4,4,4,4,3,3,4,3,4,3,4,4,3,2,4,3,4,4,4
FAESA,2019,INFORMATICA APLICADA A ENGENHARIA,2,3,4,4,4,4,3,4,4,4,4,4,4,4,4,4,3,4,2,3,2,4,4,4,2,4,4,3
FAESA,2019,INFORMATICA APLICADA A ENGENHARIA,1,2,2,4,4,3,2,4,4,3,4,3,3,4,4,3,4,4,3,2,2,2,1,4,2,4,3,4
FAESA,2019,INFORMATICA APLICADA A ENGENHARIA,1,1,4,4,3,2,1,4,4,4,3,3,3,3,3,2,3,3,3,2,3,3,4,4,4,4,4,4
FECOMP,2016,INFORMATICA E SOCIEDADE,4,4,4,2,4,4,4,4,4,4,4,4,4,4,4,4,4,4,4,4,4,4,3,4,4,3,4,4
FECOMP,2016,INFORMATICA E SOCIEDADE,4,4,4,4,4,4,4,4,4,4,4,4,4,4,4,4,4,4,4,4,4,4,4,4,4,4,4,4
FECOMP,2016,INFORMATICA E SOCIEDADE,4,4,4,4,4,4,4,4,4,4,4,4,4,4,4,4,4,4,4,4,4,4,4,4,4,4,4,4
FEM,2018,INSTRUMENTACAO INDUSTRIAL,4,4,4,4,4,4,4,4,3,4,3,4,4,4,4,4,3,2,3,4,3,3,3,3,3,3,4,3
FEM,2018,INSTRUMENTACAO INDUSTRIAL,3,4,4,4,4,4,4,4,4,4,4,4,4,4,4,4,4,4,4,4,4,4,3,4,4,4,4,4
FEM,2018,INSTRUMENTACAO INDUSTRIAL,4,4,2,3,3,4,4,3,3,3,4,3,3,4,4,3,3,3,4,4,3,2,2,3,3,4,4,4
FEC,2019,INTRODUCAO A CIENCIA E ENGENHARIA DOS MATERIAIS,4,4,4,4,4,4,4,4,4,4,4,4,4,4,4,4,4,4,4,4,2,1,1,3,3,4,4,4
FEC,2019,INTRODUCAO A CIENCIA E ENGENHARIA DOS MATERIAIS,4,4,4,4,4,4,4,4,4,4,4,4,4,4,4,4,4,4,4,4,3,3,2,4,4,4,4,4
FEC,2019,INTRODUCAO A CIENCIA E ENGENHARIA DOS MATERIAIS,4,4,4,4,4,4,4,4,4,4,4,4,4,4,4,1,4,4,4,4,4,4,4,4,4,4,4,4
FEC,2019,INTRODUCAO A CIENCIA E ENGENHARIA DOS MATERIAIS,3,3,3,3,3,3,3,3,4,3,3,3,3,3,3,3,2,2,3,3,2,2,1,2,3,3,4,2
FEC,2019,INTRODUCAO A CIENCIA E ENGENHARIA DOS MATERIAIS,3,4,4,4,4,4,4,4,4,4,4,4,4,4,4,4,4,4,4,4,3,3,2,4,4,4,3,4
FEC  (Goianesia do Para),2019,INTRODUCAO A CIENCIA E ENGENHARIA DOS MATERIAIS,4,4,4,4,3,4,3,3,4,3,3,3,3,3,3,3,3,3,3,2,2,2,3,3,3,3,3,2
FEC  (Goianesia do Para),2019,INTRODUCAO A CIENCIA E ENGENHARIA DOS MATERIAIS,3,4,3,3,3,4,3,2,3,2,3,3,3,3,3,3,3,3,3,3,3,3,3,3,3,3,3,3
FEC  (Goianesia do Para),2019,INTRODUCAO A CIENCIA E ENGENHARIA DOS MATERIAIS,4,4,4,4,4,4,4,4,4,4,4,4,4,4,4,4,4,4,4,4,4,4,4,3,4,3,4,4
FEC  (Goianesia do Para),2019,INTRODUCAO A CIENCIA E ENGENHARIA DOS MATERIAIS,4,4,4,4,4,4,4,4,4,4,4,4,4,4,4,4,4,4,4,4,4,4,4,4,4,4,4,4
FEC  (Goianesia do Para),2019,INTRODUCAO A CIENCIA E ENGENHARIA DOS MATERIAIS,4,4,4,4,4,4,4,4,4,4,4,4,4,4,4,4,4,4,4,4,4,4,4,4,4,4,4,4
FEC  (Goianesia do Para),2019,INTRODUCAO A CIENCIA E ENGENHARIA DOS MATERIAIS,4,4,4,4,4,4,4,4,4,4,4,4,4,4,4,4,4,4,4,4,4,4,3,4,4,4,4,4
FEC  (Goianesia do Para),2019,INTRODUCAO A CIENCIA E ENGENHARIA DOS MATERIAIS,4,4,4,4,4,4,4,4,4,4,4,4,4,4,4,4,4,4,4,4,4,4,4,4,4,4,4,4
FEC  (Goianesia do Para),2019,INTRODUCAO A CIENCIA E ENGENHARIA DOS MATERIAIS,4,4,4,4,4,4,4,4,4,4,4,4,4,4,4,4,4,4,4,4,4,4,4,4,4,4,4,4
FEC,2019,INTRODUCAO A CIENCIA E ENGENHARIA DOS MATERIAIS,4,4,4,4,4,4,4,4,4,4,4,4,4,4,4,4,4,4,4,4,4,4,4,4,4,4,4,4
FEC,2019,INTRODUCAO A CIENCIA E ENGENHARIA DOS MATERIAIS,3,3,4,4,4,4,3,4,4,4,4,4,4,3,3,3,3,3,3,3,3,3,3,3,3,3,3,3
FEC  (Goianesia do Para),2019,INTRODUCAO A CIENCIA E ENGENHARIA DOS MATERIAIS,4,4,4,4,4,4,4,4,4,4,4,4,4,4,4,4,4,4,4,4,3,3,4,4,3,4,4,3
FEC  (Goianesia do Para),2019,INTRODUCAO A CIENCIA E ENGENHARIA DOS MATERIAIS,4,4,4,4,4,4,4,4,4,4,4,4,4,3,3,4,4,4,4,4,4,3,3,3,3,3,4,4
FEC  (Goianesia do Para),2019,INTRODUCAO A CIENCIA E ENGENHARIA DOS MATERIAIS,4,4,3,4,3,4,4,3,4,4,4,4,4,3,3,3,4,3,3,3,3,3,2,3,3,4,4,3
FEC  (Goianesia do Para),2019,INTRODUCAO A CIENCIA E ENGENHARIA DOS MATERIAIS,4,4,4,4,4,4,4,4,4,4,4,4,4,4,4,4,4,4,4,4,4,4,4,4,4,4,4,4
FEC,2020,INTRODUCAO A ENGENHARIA CIVIL,3,4,3,4,3,4,3,3,3,1,3,3,3,3,3,3,3,4,4,4,3,2,3,3,3,3,3,3
FEC,2020,INTRODUCAO A ENGENHARIA CIVIL,4,4,4,4,4,4,4,4,3,4,4,4,4,4,4,4,3,3,3,4,2,1,1,2,3,4,4,4
FEC,2020,INTRODUCAO A ENGENHARIA CIVIL,3,4,4,4,4,4,4,4,4,4,4,4,4,4,4,4,4,4,4,4,3,3,3,4,4,3,4,4
FEC,2020,INTRODUCAO A ENGENHARIA CIVIL,4,4,4,4,4,4,4,4,4,3,4,4,4,4,4,3,4,4,4,3,4,3,4,4,3,4,4,3
FEC,2020,INTRODUCAO A ENGENHARIA CIVIL,4,4,3,4,4,4,4,4,3,4,4,4,3,4,4,4,4,4,4,4,2,2,3,4,4,4,4,4
FEC,2020,INTRODUCAO A ENGENHARIA CIVIL,2,2,2,2,4,3,2,2,2,2,2,2,2,2,2,2,3,3,3,3,4,4,3,3,4,4,4,2
FEC,2020,INTRODUCAO A ENGENHARIA CIVIL,4,4,3,4,4,4,3,4,4,4,4,4,4,4,4,4,4,4,4,3,4,4,4,4,4,4,4,4
FEC,2020,INTRODUCAO A ENGENHARIA CIVIL,2,3,3,4,2,3,3,4,2,3,4,3,3,3,4,2,3,3,4,3,2,2,1,2,2,4,4,3
FEC,2018,INTRODUCAO AS CIENCIAS AMBIENTAIS,4,4,3,4,4,3,3,3,4,3,4,4,4,3,4,4,4,3,3,3,4,4,4,3,3,4,4,3
FEC,2018,INTRODUCAO AS CIENCIAS AMBIENTAIS,4,4,4,4,4,4,1,3,3,4,4,4,3,3,4,2,3,4,4,4,4,2,2,2,2,2,3,3
FEM,2019,LABORATORIO DE ENSAIOS MECANICOS,4,4,4,4,4,4,4,3,4,4,4,4,4,4,4,4,3,4,4,4,4,3,4,4,4,4,4,4
FEM,2019,LABORATORIO DE ENSAIOS MECANICOS,4,4,4,4,4,4,4,4,4,4,4,4,3,3,4,4,4,4,4,4,4,4,1,3,3,4,3,4
FEM,2019,LABORATORIO DE ENSAIOS MECANICOS,4,4,4,4,4,4,4,4,4,3,4,4,4,4,4,4,4,4,4,4,4,4,4,4,4,4,4,4
FEM,2019,LABORATORIO DE ENSAIOS MECANICOS,4,4,3,4,4,4,4,3,3,2,3,3,3,3,2,2,2,3,2,3,3,2,3,2,2,3,2,2
FEM,2016,LABORATORIO DE VIBRACOES E ACUSTICA,4,4,4,4,4,4,4,4,4,4,4,4,4,4,4,4,3,3,4,3,3,2,2,4,4,3,4,3
FAESA,2016,LICENCIAMENTO AMBIENTAL,4,4,3,3,4,4,4,4,3,3,3,4,3,4,4,3,3,4,3,4,4,4,3,3,3,4,4,3
FAESA,2016,LICENCIAMENTO AMBIENTAL,4,4,4,4,4,4,4,4,4,4,4,4,4,4,4,4,4,4,4,4,4,4,4,4,4,4,4,4
FAESA,2015,LICENCIAMENTO AMBIENTAL,4,4,4,4,4,4,4,4,4,4,4,4,4,4,4,4,4,4,4,4,4,4,4,4,4,4,4,4
FAESA,2018,MATERIAIS DE CONSTRUCAO CIVIL,3,4,2,3,1,3,3,2,3,2,3,3,2,1,2,2,2,3,3,3,2,2,1,2,2,3,3,2
FAESA,2019,MATERIAIS DE CONSTRUCAO CIVIL,4,4,4,4,3,4,3,2,2,2,4,4,3,3,3,2,1,3,3,3,2,2,1,1,1,1,1,1
FAESA,2019,MATERIAIS DE CONSTRUCAO CIVIL,4,4,4,4,4,3,4,4,4,4,4,4,4,4,4,4,3,4,4,4,2,4,4,4,3,4,4,3
FAESA,2019,MATERIAIS DE CONSTRUCAO CIVIL,3,2,1,2,2,3,2,1,1,1,2,1,2,1,1,2,1,2,2,2,3,2,3,4,2,3,4,1
FAESA,2019,MATERIAIS DE CONSTRUCAO CIVIL,3,4,3,4,3,4,4,3,2,1,3,3,2,3,3,2,2,3,3,2,2,2,1,2,2,3,3,2
FAESA,2019,MATERIAIS DE CONSTRUCAO CIVIL,4,4,4,4,4,4,4,4,4,4,4,4,4,4,4,4,4,4,4,4,3,3,4,4,4,4,4,4
FEM,2019,MATERIAIS DE CONSTRUCAO MECANICA (MCM),4,4,4,4,4,4,4,3,4,4,4,4,4,2,3,3,3,3,4,2,2,3,3,3,3,4,4,3
FEM,2019,MATERIAIS DE CONSTRUCAO MECANICA (MCM),4,4,4,4,4,4,4,4,4,4,4,4,3,4,4,4,4,4,4,4,3,4,1,3,3,4,3,4
FEM,2019,MATERIAIS DE CONSTRUCAO MECANICA (MCM),4,4,4,4,4,4,4,4,4,3,4,4,4,4,4,4,4,4,4,4,4,4,4,4,4,4,4,4
FEM,2018,MATERIAIS DE CONSTRUCAO MECANICA (MCM),3,4,3,4,3,4,4,3,3,3,4,3,3,3,3,4,3,3,3,3,2,2,2,4,3,4,4,3
FEM,2019,MATERIAIS DE CONSTRUCAO MECANICA (MCM),4,3,3,4,4,3,3,3,3,2,3,3,2,3,3,2,3,3,3,3,2,2,3,2,2,3,2,2
FEM,2019,MECANICA GERAL,2,1,2,2,3,4,2,2,2,2,1,1,2,1,1,1,2,2,2,1,4,1,4,4,4,4,3,2
FEM,2019,MECANICA GERAL,2,2,3,3,3,3,2,3,3,2,3,2,2,3,2,2,3,3,3,3,3,2,2,2,3,3,2,2
FEM,2017,MECANISMOS,4,4,4,4,4,4,4,4,4,4,4,4,4,3,4,4,4,4,4,4,4,3,3,4,4,4,4,4
FEM,2017,MECANISMOS,4,4,4,4,2,3,3,2,3,4,2,2,4,3,3,3,2,1,4,3,2,2,1,4,3,4,3,1
FEM,2017,MECANISMOS,3,4,4,4,4,4,4,4,4,3,4,4,4,4,4,4,3,3,4,3,3,1,1,2,3,4,4,4
FEM,2017,MECANISMOS,4,4,4,4,4,4,4,4,4,4,4,4,4,4,4,4,3,4,4,3,3,2,3,3,3,4,4,3
FEM,2017,MECANISMOS,4,4,4,4,4,4,4,4,4,4,4,4,4,3,4,4,4,4,4,3,4,2,1,3,3,4,4,3
FEM,2017,MECANISMOS,4,3,4,4,3,3,2,3,3,3,2,3,2,3,3,3,2,3,3,2,4,3,2,3,3,4,4,3
FEM,2017,MECANISMOS,4,4,4,4,4,4,4,4,4,4,4,4,4,4,4,4,4,4,4,4,3,3,3,3,3,3,3,3
FEM,2017,MECANISMOS,4,4,4,4,4,4,4,4,4,4,3,3,2,3,3,1,3,2,4,3,3,4,2,2,2,3,2,1
FEM,2017,MECANISMOS,4,4,4,4,4,4,4,4,4,4,4,4,4,4,4,4,4,4,4,4,3,3,2,2,3,3,3,1
FEM,2020,METODOLOGIA CIENTIFICA,3,4,3,4,4,3,3,4,4,3,3,4,3,3,3,3,3,3,4,4,3,3,4,4,4,4,4,4
FEM,2020,METODOLOGIA CIENTIFICA,4,4,4,4,4,4,4,4,4,4,4,4,4,4,4,4,4,4,4,4,4,4,4,4,4,4,4,4
FEM,2020,METODOLOGIA CIENTIFICA,4,4,4,4,4,4,4,4,4,4,4,4,4,4,4,4,4,4,4,3,4,2,2,4,4,4,3,4
FEM,2020,METODOLOGIA CIENTIFICA,4,4,4,4,4,4,4,4,4,4,4,4,4,4,4,4,4,4,4,4,4,4,4,4,4,4,4,4
FEM,2020,METODOLOGIA CIENTIFICA,4,4,4,4,4,4,4,3,4,4,4,4,4,4,4,4,3,3,3,4,2,2,2,2,3,4,3,3
FEC,2020,METODOLOGIA DE TRABALHOS ACADEMICOS,2,2,3,4,3,4,2,2,2,1,2,3,2,2,2,2,3,2,3,3,3,2,2,2,3,2,2,2
FEC,2020,METODOLOGIA DE TRABALHOS ACADEMICOS,3,3,4,4,4,4,4,4,4,4,3,4,3,4,4,4,2,2,2,3,2,1,1,2,2,4,3,3
FEC,2020,METODOLOGIA DE TRABALHOS ACADEMICOS,4,3,4,4,4,4,4,4,4,4,4,4,4,4,4,4,4,4,4,4,3,3,3,3,3,3,3,3
FEC,2020,METODOLOGIA DE TRABALHOS ACADEMICOS,4,4,4,4,4,4,4,4,4,4,4,4,4,4,4,4,4,3,4,4,3,3,4,4,3,4,4,4
FEC,2020,METODOLOGIA DE TRABALHOS ACADEMICOS,4,4,4,4,4,4,4,4,4,4,4,4,4,4,4,4,3,4,4,4,2,2,3,4,4,4,4,4
FEC,2020,METODOLOGIA DE TRABALHOS ACADEMICOS,4,4,4,4,4,4,4,4,4,4,4,3,4,4,4,2,3,4,3,2,4,4,3,4,4,4,4,4
FEC,2020,METODOLOGIA DE TRABALHOS ACADEMICOS,4,4,4,4,4,4,4,4,4,4,4,3,4,4,4,2,3,4,3,2,4,4,3,4,4,4,4,4
FEC,2020,METODOLOGIA DE TRABALHOS ACADEMICOS,4,4,4,4,4,4,4,4,4,4,4,4,4,4,4,4,4,4,4,4,4,4,4,4,4,4,4,4
FEC,2020,METODOLOGIA DE TRABALHOS ACADEMICOS,4,4,4,4,4,4,4,4,4,4,3,4,4,3,3,3,3,3,2,4,2,2,1,2,3,4,4,3
FECOMP,2016,METODOS NUMERICOS PARA ENGENHARIA,3,4,2,4,4,4,4,3,2,3,3,2,2,4,4,4,3,3,4,4,3,4,3,4,3,2,4,1
FECOMP,2016,METODOS NUMERICOS PARA ENGENHARIA,4,4,2,1,2,4,1,1,1,1,1,1,1,1,1,2,1,1,2,1,3,3,2,4,3,2,3,2
FEM,2020,METROLOGIA,3,4,4,4,4,4,4,4,4,4,3,4,3,4,4,4,4,3,4,4,3,3,4,4,3,4,4,4
FEM,2020,METROLOGIA,3,3,4,4,4,3,3,3,3,3,3,3,3,3,3,3,3,3,3,3,3,2,3,3,3,4,4,3
FEM,2020,METROLOGIA,4,4,4,4,4,4,4,4,4,4,4,4,4,4,4,4,4,4,4,4,4,4,4,4,4,4,4,4
FEM,2020,METROLOGIA,4,4,4,4,4,4,4,4,4,4,4,4,4,4,4,4,4,4,4,4,3,4,3,2,3,4,4,4
FEM,2020,METROLOGIA,4,4,4,4,4,4,4,4,4,4,4,4,4,4,4,4,4,4,4,4,3,3,3,3,3,4,4,4
FEM,2020,METROLOGIA,4,4,4,4,4,4,4,4,4,3,4,4,4,4,4,4,4,4,4,4,4,4,4,4,4,4,4,4
FEM,2020,METROLOGIA,4,4,4,4,4,4,4,4,4,4,4,3,3,3,3,4,3,3,3,3,2,2,3,2,2,3,3,3
FECOMP,2016,MINERACAO DE DADOS,4,4,4,4,4,4,4,4,4,4,4,4,4,4,4,4,4,4,4,4,3,4,2,2,3,4,2,2
FECOMP,2017,MINERACAO DE DADOS,4,4,4,4,4,4,4,4,4,4,4,4,4,4,3,4,4,4,4,4,4,3,2,4,4,4,4,4
FECOMP,2017,MINERACAO DE DADOS,4,4,4,4,4,4,4,3,3,4,4,3,3,4,4,3,4,4,3,3,4,3,3,3,4,4,3,4
FECOMP,2016,MINERACAO DE DADOS,4,4,4,4,4,4,4,4,4,4,4,4,4,4,4,4,4,4,4,4,4,4,4,4,4,4,4,4
FECOMP,2018,PROBABILIDADE E ESTATISTICA,3,4,2,4,4,4,4,2,4,3,4,4,4,4,4,3,3,3,4,3,4,3,3,3,4,4,4,2
FECOMP,2018,PROBABILIDADE E ESTATISTICA,3,3,3,3,3,3,3,1,3,2,3,3,3,2,2,2,1,2,2,2,4,4,3,3,2,4,3,1
FEM,2017,PROCESSOS DE FABRICACAO NAO-CONVENCIONAIS,4,4,4,4,4,4,4,4,4,3,4,4,4,4,4,3,4,4,4,4,4,2,2,3,4,4,4,3
FECOMP,2019,PROGRAMACAO,4,4,4,4,4,4,4,4,4,4,4,4,3,4,4,3,4,4,3,3,3,3,2,3,3,3,4,3
FECOMP,2020,PROGRAMACAO,4,4,4,3,4,4,4,3,4,4,3,3,3,4,3,4,3,4,4,4,2,3,3,3,2,4,4,3
FECOMP,2019,PROGRAMACAO,4,4,4,4,4,4,4,4,4,4,4,4,4,4,4,4,4,4,4,4,3,3,4,4,4,4,4,4
FECOMP,2019,PROGRAMACAO,4,4,4,4,4,4,4,4,4,4,4,4,4,4,4,4,4,4,4,4,4,3,4,4,4,4,4,4
FECOMP,2019,PROGRAMACAO,4,4,2,1,4,1,1,1,1,4,1,1,1,1,1,1,1,4,1,4,4,4,1,4,4,1,4,4
FECOMP,2019,PROGRAMACAO,4,4,4,4,4,4,4,4,4,4,4,4,3,4,4,2,3,3,4,4,4,3,3,4,4,3,4,4
FECOMP,2019,PROGRAMACAO,3,4,2,3,4,3,4,1,2,1,2,2,2,1,1,1,4,2,3,3,4,3,2,4,4,4,3,3
FECOMP,2020,PROGRAMACAO,4,4,4,4,4,4,4,4,4,4,4,4,4,4,4,4,4,4,4,4,4,4,4,4,4,4,4,4
FECOMP,2020,PROGRAMACAO,4,4,4,3,4,4,4,4,4,4,4,4,4,4,4,4,4,4,4,4,4,4,3,4,4,4,4,4
FECOMP,2020,PROGRAMACAO,4,4,2,1,4,3,4,3,3,3,3,3,3,2,3,2,3,3,4,2,2,3,2,4,3,4,4,2
FECOMP,2017,PROGRAMACAO PARALELA,4,4,4,4,4,4,4,4,4,4,4,4,4,4,4,4,3,4,4,4,4,3,3,4,4,4,4,3
FECOMP,2017,PROGRAMACAO PARALELA,4,4,3,4,4,3,3,3,3,3,4,3,3,3,3,2,3,3,3,3,4,3,3,3,3,3,3,3
FECOMP,2015,PROGRAMACAO PARALELA,4,4,4,4,4,4,4,4,4,4,4,4,4,4,4,4,4,4,4,4,4,3,4,4,4,3,4,4
FECOMP,2017,PROJETO DE HARDWARE E INTERFACEAMENTO,4,4,4,4,4,4,4,4,4,4,4,4,4,4,4,4,4,1,4,4,4,4,4,4,4,4,4,4
FECOMP,2017,PROJETO DE HARDWARE E INTERFACEAMENTO,4,3,4,4,4,4,4,4,4,4,4,3,4,4,4,4,4,4,4,4,4,3,4,4,4,4,4,4
FECOMP,2017,PROJETO DE HARDWARE E INTERFACEAMENTO,4,4,4,4,4,4,4,4,4,4,4,4,4,4,4,4,4,4,4,4,4,3,3,4,4,4,4,4
FECOMP,2017,PROJETO DE HARDWARE E INTERFACEAMENTO,4,4,4,4,4,4,4,3,3,3,4,3,3,4,4,4,3,3,3,4,3,3,3,3,3,3,3,3
FECOMP,2017,PROJETO DE HARDWARE E INTERFACEAMENTO,4,4,4,4,4,4,4,4,4,4,4,4,4,4,4,4,4,4,4,4,4,4,4,4,4,4,4,4
FECOMP,2020,PROJETOS DE ENGENHARIA I,4,4,4,4,4,4,4,4,4,4,4,4,4,4,4,4,4,4,4,4,2,3,3,3,3,4,4,3
FECOMP,2020,PROJETOS DE ENGENHARIA I,4,4,4,4,4,4,4,4,4,4,4,4,4,4,4,4,4,4,4,4,3,4,4,3,4,3,3,4
FECOMP,2020,PROJETOS DE ENGENHARIA I,4,4,4,4,4,4,4,4,4,4,4,4,4,4,4,4,4,4,4,4,2,4,3,4,4,4,4,4
FECOMP,2020,PROJETOS DE ENGENHARIA I,4,4,4,4,4,4,4,4,4,4,4,4,4,4,4,4,4,4,4,4,3,3,2,4,3,4,4,4
FECOMP,2019,PROJETOS DE ENGENHARIA II,4,4,4,4,4,4,4,4,4,4,4,4,4,4,4,4,4,4,4,4,3,4,4,4,4,4,4,4
FECOMP,2019,PROJETOS DE ENGENHARIA II,4,4,4,4,4,4,4,4,4,4,4,4,4,4,4,4,4,4,4,4,4,4,4,4,4,4,4,4
FECOMP,2019,PROJETOS DE ENGENHARIA II,3,2,3,3,3,1,2,2,3,1,3,3,2,2,2,2,3,3,3,3,3,2,2,2,3,4,4,3
FECOMP,2019,PROJETOS DE ENGENHARIA II,1,4,3,2,2,1,4,1,1,1,2,3,2,2,2,2,1,2,2,1,1,2,1,3,2,1,1,1
FECOMP,2019,PROJETOS DE ENGENHARIA II,3,3,4,3,3,1,4,2,4,1,4,3,4,4,4,4,3,1,3,4,3,3,1,2,2,2,2,1
FECOMP,2019,PROJETOS DE ENGENHARIA II,4,4,4,4,4,3,4,4,4,3,4,4,4,4,4,4,3,4,4,4,4,4,3,2,3,3,4,2
FEC,2017,PROJETOS ELETRICOS,4,3,4,4,2,4,4,3,4,3,4,2,3,3,4,3,3,4,3,4,4,4,3,4,4,4,4,3
FEC,2017,PROJETOS ELETRICOS,4,4,4,4,3,4,4,3,4,4,3,3,3,4,4,3,3,3,4,4,3,3,3,4,4,4,4,4
FEM,2017,PROJETOS INDUSTRIAIS,4,4,4,4,4,2,2,4,4,4,4,4,4,4,4,4,4,4,4,4,4,3,4,4,4,4,4,4
FEM,2017,PROJETOS INDUSTRIAIS,2,3,2,3,2,1,2,1,1,1,2,2,1,1,1,2,2,2,3,3,2,3,1,3,4,4,4,1
FEM,2017,PROJETOS INDUSTRIAIS,3,4,3,4,3,4,4,2,3,2,3,3,3,2,2,3,2,3,3,3,2,2,1,2,3,3,4,2
FEM,2017,PROJETOS INDUSTRIAIS,2,4,4,4,3,4,4,3,4,2,4,4,4,4,3,2,3,3,4,4,4,4,3,3,4,4,4,2
FEM,2017,PROJETOS INDUSTRIAIS,2,2,3,3,2,1,2,2,3,2,4,1,1,1,1,1,1,2,1,4,3,2,3,4,2,4,4,1
FEM,2017,PROJETOS INDUSTRIAIS,4,4,4,4,4,4,4,4,4,4,4,4,4,4,4,4,4,4,4,4,4,4,4,4,4,3,4,4
FEM,2017,PROJETOS INDUSTRIAIS,3,3,2,4,3,2,3,2,3,2,3,3,3,3,3,3,3,3,3,3,3,3,2,3,3,4,4,3
FAESA,2016,QUALIDADE DO AR,3,4,4,4,3,3,3,3,3,3,2,2,2,3,3,2,2,2,2,3,4,4,2,2,2,3,4,2
FAESA,2016,QUALIDADE DO AR,2,3,2,4,1,1,1,1,1,2,2,1,1,1,1,1,1,1,3,1,3,3,2,2,2,2,4,1
FAESA,2016,QUALIDADE DO AR,4,4,4,4,4,4,4,4,4,4,4,4,4,4,4,4,4,4,4,4,4,4,4,4,4,4,4,4
FAESA,2016,QUALIDADE DO AR,3,4,3,3,3,4,4,2,3,3,4,3,3,2,3,2,3,3,3,4,3,4,3,2,3,3,4,2
FEC,2020,QUIMICA TEORICA APLICADA,3,4,3,4,4,4,4,4,4,4,4,4,4,2,4,2,3,4,2,2,4,4,2,4,4,4,4,2
FEC,2020,QUIMICA TEORICA APLICADA,4,4,4,4,4,4,4,4,4,1,4,4,4,3,4,4,4,4,4,4,2,2,3,3,2,4,4,3
FEC,2020,QUIMICA TEORICA APLICADA,4,4,4,4,4,4,4,4,4,4,4,4,4,4,3,3,3,3,3,4,3,2,2,3,3,3,3,3
FEC,2020,QUIMICA TEORICA APLICADA,4,4,4,4,4,4,4,4,4,4,4,4,4,3,3,3,3,4,3,3,4,4,4,4,3,4,4,4
FEC,2020,QUIMICA TEORICA APLICADA,3,4,3,4,4,4,4,4,4,4,2,3,3,3,3,3,2,1,2,1,1,1,1,2,2,4,1,2
FEC,2020,QUIMICA TEORICA APLICADA,4,4,4,4,4,4,4,4,4,4,4,4,4,4,4,4,3,3,3,4,3,3,3,3,4,4,4,3
FEC,2020,QUIMICA TEORICA APLICADA,4,4,3,4,4,4,4,4,3,4,4,4,4,3,2,2,3,4,3,4,3,4,3,2,4,4,4,4
FEC,2020,QUIMICA TEORICA APLICADA,4,4,3,4,4,4,4,4,3,4,4,4,4,3,2,2,3,4,3,4,3,4,3,2,4,4,4,4
FEC,2020,QUIMICA TEORICA APLICADA,4,4,3,4,4,4,4,4,3,4,4,4,4,3,2,2,3,4,3,4,3,4,3,2,4,4,4,4
FEC,2020,QUIMICA TEORICA APLICADA,4,4,4,4,4,4,4,4,4,4,4,4,4,4,3,4,4,3,4,4,4,3,4,4,4,4,4,4
FEC,2020,QUIMICA TEORICA APLICADA,4,4,4,4,4,4,4,4,4,4,4,4,4,3,3,4,3,4,4,4,2,2,3,4,3,4,4,3
FEC,2020,QUIMICA TEORICA APLICADA,4,4,4,4,4,4,4,4,4,4,4,4,4,2,2,4,4,2,3,4,3,3,4,4,4,4,4,4
FEC,2020,QUIMICA TEORICA APLICADA,4,4,4,4,4,4,4,4,4,4,4,4,4,3,3,3,3,3,3,2,2,2,3,3,2,3,2,2
FEC,2020,QUIMICA TEORICA APLICADA,3,4,3,4,3,3,3,2,2,2,3,3,3,3,3,3,3,2,3,3,2,2,1,2,2,4,4,3
FAESA,2016,RECURSOS HIDRICOS,4,4,4,3,4,4,4,4,4,4,4,4,4,4,4,4,3,4,3,4,4,4,2,3,3,4,4,3
FAESA,2016,RECURSOS HIDRICOS,4,4,4,4,4,4,4,4,4,4,4,4,4,4,4,4,4,4,4,4,4,4,4,4,4,4,4,4
FAESA,2016,RECURSOS HIDRICOS,4,4,4,4,4,4,4,4,4,4,4,4,3,4,4,4,4,4,4,4,3,4,3,3,3,4,4,4
FAESA,2016,RECURSOS HIDRICOS,4,4,4,4,4,4,4,4,4,4,4,4,3,4,4,4,4,4,3,4,4,4,3,4,4,4,4,4
FAESA,2015,RECURSOS HIDRICOS,4,4,4,4,4,4,4,4,4,3,4,4,4,4,4,3,4,4,4,3,4,4,2,4,3,4,4,4
FECOMP,2018,REDES DE COMPUTADORES II,4,4,4,4,4,4,4,4,4,4,4,4,4,4,4,4,4,4,4,4,3,3,3,4,4,4,4,4
FECOMP,2018,REDES DE COMPUTADORES II,4,3,4,4,4,4,4,4,4,4,4,4,4,4,4,4,4,4,4,4,4,3,3,4,4,4,2,4
FECOMP,2018,REDES DE COMPUTADORES II,4,4,4,4,4,4,4,4,4,3,4,4,4,4,4,4,4,4,4,4,4,4,3,4,4,4,4,4
FAESA,2016,RESIDUOS SOLIDOS URBANOS,3,4,4,4,4,4,4,4,4,3,4,4,4,4,4,3,4,4,4,4,4,4,3,3,3,4,4,3
FAESA,2016,RESIDUOS SOLIDOS URBANOS,4,4,4,4,4,4,4,4,4,4,4,4,4,4,4,4,4,4,4,4,4,4,4,4,4,4,4,4
FAESA,2016,RESIDUOS SOLIDOS URBANOS,4,4,4,4,4,4,4,4,4,4,4,4,4,4,4,3,4,4,4,4,4,4,3,3,4,3,4,3
FAESA,2018,RESISTENCIA DOS MATERIAIS I,4,3,2,3,2,3,3,2,3,3,3,2,2,2,2,2,2,2,2,2,1,2,1,3,2,3,2,1
FAESA,2017,SAUDE AMBIENTAL,4,4,3,3,4,4,3,3,3,3,3,3,3,3,3,3,4,3,4,3,3,3,3,4,4,4,4,4
FAESA,2017,SAUDE AMBIENTAL,4,4,4,3,4,1,4,1,3,1,3,4,3,3,3,1,3,3,4,4,4,2,2,2,4,4,3,3
FAESA,2017,SAUDE AMBIENTAL,1,1,1,1,1,1,1,1,1,1,1,1,1,1,1,1,1,1,1,1,1,3,1,3,2,3,4,2
FAESA,2017,SAUDE AMBIENTAL,2,3,2,2,3,3,3,3,2,3,2,3,3,3,3,3,3,3,3,3,4,4,4,4,4,4,4,4
FAESA,2017,SAUDE AMBIENTAL,3,3,3,3,3,3,3,3,3,3,3,3,3,3,3,3,3,3,3,3,3,3,1,4,4,4,4,3
FAESA,2017,SAUDE AMBIENTAL,4,3,3,3,3,3,3,3,3,3,3,3,3,3,3,3,3,3,3,3,3,3,1,4,4,4,4,4
FAESA,2017,SAUDE AMBIENTAL,4,4,1,2,3,1,3,2,3,1,1,2,1,1,1,2,3,2,3,4,4,3,2,4,4,4,4,3
FAESA,2017,SAUDE AMBIENTAL,2,2,1,2,2,1,1,1,1,1,2,2,1,2,1,2,2,2,2,2,3,3,3,3,3,3,3,2
FAESA,2017,SAUDE AMBIENTAL,2,2,2,2,2,2,2,2,2,2,2,2,2,2,2,2,3,3,2,2,4,4,4,4,4,4,4,4
FAESA,2017,SAUDE AMBIENTAL,3,3,1,1,3,2,3,1,1,1,1,1,1,1,1,2,2,2,2,3,3,3,1,3,3,4,4,2
FAESA,2017,SAUDE AMBIENTAL,4,4,4,4,4,4,4,4,4,4,4,4,3,4,4,4,3,4,4,4,4,2,1,4,4,4,4,3
FEC,2017,SEGURANCA NA CONSTRUCAO CIVIL,4,4,4,4,4,4,4,4,4,3,4,4,4,4,4,4,3,4,4,4,4,2,4,4,4,4,4,4
FEC,2018,SEGURANCA NA CONSTRUCAO CIVIL,4,4,4,4,4,4,4,4,4,4,4,4,4,4,4,1,4,4,4,4,4,4,4,3,3,4,4,4
FEC,2018,SEGURANCA NA CONSTRUCAO CIVIL,4,3,2,4,2,4,4,3,2,2,2,2,2,3,4,2,2,3,2,2,3,2,2,2,2,3,3,2
FEC,2018,SEGURANCA NA CONSTRUCAO CIVIL,4,3,4,4,3,4,4,4,4,3,4,3,4,3,3,3,3,3,4,3,3,2,3,2,3,3,3,3
FEC,2018,SEGURANCA NA CONSTRUCAO CIVIL,4,4,4,4,4,4,4,4,4,4,4,4,4,4,4,4,3,4,4,4,2,2,3,4,4,4,4,4
FEC,2018,SEGURANCA NA CONSTRUCAO CIVIL,4,3,3,3,2,3,3,2,2,1,2,2,2,2,2,1,2,2,3,4,3,1,2,3,2,2,3,2
FEC,2018,SEGURANCA NA CONSTRUCAO CIVIL,4,4,3,3,4,4,3,3,3,4,4,3,4,4,3,4,4,3,4,4,4,3,4,3,4,4,4,3
FEC,2018,SEGURANCA NA CONSTRUCAO CIVIL,4,4,4,4,4,4,4,4,4,2,4,4,2,4,4,1,4,4,4,4,4,2,2,2,2,3,2,3
FAESA,2016,SEGURANCA NO TRABALHO,4,4,4,4,4,4,4,4,4,3,4,4,4,4,4,4,4,4,4,4,4,4,3,3,4,4,4,4
FAESA,2016,SEGURANCA NO TRABALHO,4,4,4,4,4,4,4,4,4,4,4,4,4,4,4,4,4,4,4,4,4,4,4,4,4,4,4,4
FAESA,2016,SEGURANCA NO TRABALHO,4,4,4,4,4,4,4,4,4,4,4,4,4,4,4,4,4,4,4,4,4,4,3,3,4,3,4,4
FECOMP,2018,SINAIS E SISTEMAS,4,4,4,4,4,4,4,4,4,4,4,4,4,4,4,4,4,4,4,3,4,3,3,4,4,4,4,4
FECOMP,2018,SINAIS E SISTEMAS,3,4,4,4,4,4,4,4,4,4,4,4,4,4,4,4,4,4,4,4,4,3,3,4,4,4,4,4
FECOMP,2017,SINAIS E SISTEMAS,4,4,4,4,4,4,4,4,4,4,4,4,4,4,4,4,4,4,4,4,3,3,4,3,3,3,3,3
FECOMP,2018,SINAIS E SISTEMAS,4,4,4,4,4,4,4,4,4,4,4,4,4,4,4,4,4,4,4,4,4,4,3,3,3,4,4,4
FAESA,2017,SISTEMA DE ABASTECIMENTO DE AGUA,4,4,4,4,4,4,4,3,3,4,4,3,3,3,3,3,3,4,4,4,3,3,3,4,4,4,4,4
FAESA,2017,SISTEMA DE ABASTECIMENTO DE AGUA,4,4,4,4,4,4,4,4,3,3,4,4,4,4,4,3,4,4,4,4,4,2,2,4,4,4,4,4
FAESA,2017,SISTEMA DE ABASTECIMENTO DE AGUA,4,4,4,4,4,4,4,4,4,4,4,4,4,4,4,4,4,4,4,4,4,4,4,4,4,4,4,4
FAESA,2017,SISTEMA DE ABASTECIMENTO DE AGUA,4,4,4,4,4,4,4,4,4,4,4,4,4,4,4,4,4,4,4,4,3,3,1,4,4,4,4,4
FAESA,2017,SISTEMA DE ABASTECIMENTO DE AGUA,4,4,3,3,4,4,4,4,4,4,3,4,4,4,4,4,4,3,4,4,3,2,3,4,4,4,4,4
FAESA,2017,SISTEMA DE ABASTECIMENTO DE AGUA,4,4,4,4,4,4,4,4,4,4,4,4,4,4,4,4,4,4,4,4,3,3,3,4,4,4,4,4
FAESA,2017,SISTEMA DE ABASTECIMENTO DE AGUA,4,4,4,4,4,4,4,4,4,4,4,4,4,4,4,4,4,4,4,4,4,4,4,4,4,4,4,4
FAESA,2017,SISTEMA DE ABASTECIMENTO DE AGUA,4,4,4,4,4,4,4,4,4,4,4,4,4,4,4,4,4,4,4,4,3,3,2,3,4,4,3,1
FAESA,2017,SISTEMA DE ABASTECIMENTO DE AGUA,4,4,4,4,4,4,4,4,4,4,4,4,4,4,4,4,4,3,4,3,4,3,2,4,4,4,4,3
FEC,2016,SISTEMAS DE SANEAMENTO AMBIENTAL,4,4,4,4,4,4,4,4,4,4,4,4,4,4,4,4,4,4,4,4,4,4,2,4,4,3,4,4
FEC,2016,SISTEMAS DE SANEAMENTO AMBIENTAL,4,4,4,4,4,4,4,4,4,3,3,4,3,3,4,3,3,4,3,3,4,3,2,3,3,3,3,3
FEC,2016,SISTEMAS DE SANEAMENTO AMBIENTAL,4,4,4,4,4,4,4,4,4,4,4,4,4,4,4,4,3,4,4,4,4,4,2,3,3,3,4,3
FEC  (Goianesia do Para),2019,SISTEMAS DE TRANSPORTES,4,4,4,4,4,4,4,4,4,4,4,4,4,4,4,4,4,4,4,4,4,4,4,4,4,0,4,4
FEC  (Goianesia do Para),2019,SISTEMAS DE TRANSPORTES,4,4,4,4,4,4,4,4,4,4,4,4,4,4,4,4,4,4,4,4,4,4,4,4,4,4,4,4
FEC,2019,SISTEMAS DE TRANSPORTES,4,4,4,4,4,4,4,4,4,4,4,4,4,4,4,4,4,4,4,4,4,3,4,4,4,4,4,4
FEC  (Goianesia do Para),2019,SISTEMAS DE TRANSPORTES,4,4,4,4,4,4,4,4,4,4,4,4,4,4,4,4,3,4,4,3,4,3,4,3,3,4,4,3
FEC  (Goianesia do Para),2019,SISTEMAS DE TRANSPORTES,4,4,3,4,4,4,4,4,3,3,4,4,3,3,3,3,3,4,3,2,3,3,2,3,3,4,4,3
FEC  (Goianesia do Para),2019,SISTEMAS DE TRANSPORTES,4,4,4,4,4,4,4,4,4,4,4,4,4,4,4,4,4,4,4,4,4,4,4,4,4,4,4,4
FEM,2016,SISTEMAS TERMICOS II,4,4,4,4,4,4,4,4,4,4,4,4,4,4,4,4,4,4,4,4,4,4,4,4,4,4,4,4
FEC,2017,TECNOLOGIA DA CONSTRUCAO CIVIL I,4,4,4,4,2,2,4,2,4,2,4,4,4,4,4,2,2,4,2,4,4,2,4,4,4,4,4,2
FEC,2018,TECNOLOGIA DA CONSTRUCAO CIVIL I,3,3,3,4,4,4,4,3,3,4,4,3,3,3,4,4,4,3,3,3,3,4,4,3,4,4,4,3
FEC,2018,TECNOLOGIA DA CONSTRUCAO CIVIL I,4,4,4,4,4,4,4,4,3,3,4,4,4,4,4,4,4,4,4,4,2,2,2,2,2,2,2,2
FEC,2018,TECNOLOGIA DA CONSTRUCAO CIVIL II,4,4,4,4,4,3,3,3,4,4,4,3,3,3,3,3,4,4,3,4,4,4,4,3,4,4,3,3
FECOMP,2017,TEORIA ELETROMAGNETICA,4,4,4,4,4,4,4,4,4,4,4,4,4,4,4,4,4,4,4,4,4,4,4,4,4,4,4,4
FECOMP,2017,TEORIA ELETROMAGNETICA,3,4,3,3,4,3,3,3,4,2,4,4,4,3,4,4,3,4,4,4,2,3,4,4,4,4,4,4
FECOMP,2017,TEORIA ELETROMAGNETICA,4,4,3,4,4,4,4,4,4,4,4,4,4,4,4,4,3,4,4,4,3,3,3,4,4,4,4,3
FECOMP,2017,TEORIA ELETROMAGNETICA,3,4,3,4,4,3,4,3,3,4,4,3,3,3,3,3,2,3,3,3,3,3,3,2,2,3,2,2
FECOMP,2017,TEORIA ELETROMAGNETICA,4,4,4,4,4,4,4,4,4,4,4,4,4,4,4,4,4,4,4,4,4,4,4,4,4,4,4,4
FECOMP,2016,TEORIA ELETROMAGNETICA,4,4,4,4,4,4,3,4,3,4,3,3,3,3,3,3,4,4,3,3,3,3,2,4,3,3,3,4
FECOMP,2017,TEORIA ELETROMAGNETICA,4,4,4,4,4,4,4,4,4,4,4,4,4,4,4,4,4,4,4,4,4,4,4,4,4,3,4,4
FECOMP,2016,TEORIA ELETROMAGNETICA,4,4,4,4,4,4,4,4,4,4,4,4,4,4,4,4,4,4,4,4,4,4,4,4,4,3,4,4
FEM,2017,TERMODINAMICA,4,3,4,4,3,4,3,3,4,4,4,4,4,4,4,4,4,3,3,1,3,2,1,2,3,4,4,3
FEM,2018,TERMODINAMICA,4,4,4,4,4,4,4,3,4,4,4,4,4,4,3,4,4,4,4,1,4,4,3,4,4,4,4,3
FEM,2018,TERMODINAMICA,3,4,4,4,3,4,3,3,4,4,3,4,3,3,3,3,4,3,3,3,2,2,2,4,3,4,4,4
FECOMP,2016,TOPICOS ESPECIAIS EM REDES DE COMPUTADORES,4,4,3,3,4,4,4,4,4,4,4,3,3,2,2,1,4,4,4,4,2,3,2,3,3,3,3,3
FECOMP,2017,TOPICOS ESPECIAIS EM REDES DE COMPUTADORES,4,4,4,4,4,4,4,4,4,4,4,4,4,4,4,4,4,4,4,4,4,4,1,1,4,1,1,1
FECOMP,2016,TOPICOS ESPECIAIS EM REDES DE COMPUTADORES,4,4,4,4,4,4,4,4,4,4,4,4,4,4,4,4,4,4,4,4,4,4,4,4,4,4,4,4
FEM,2017,TRANSFERENCIA DE CALOR II,4,4,4,4,3,4,4,3,4,4,4,4,4,4,4,4,4,4,4,4,4,3,3,4,4,4,4,4
FEM,2017,TRANSFERENCIA DE CALOR II,2,3,4,4,2,4,4,1,3,3,3,3,1,3,2,3,1,1,1,2,2,2,1,2,3,3,2,1
FEM,2017,TRANSFERENCIA DE CALOR II,3,4,4,4,3,4,3,3,4,3,3,3,3,3,3,3,3,3,3,3,3,2,1,2,3,3,3,3
FEM,2017,TRANSFERENCIA DE CALOR II,4,3,4,4,2,4,4,4,4,4,4,4,3,3,3,4,3,3,3,2,3,2,1,3,2,4,4,2
FEM,2017,TRANSFERENCIA DE CALOR II,4,4,3,4,3,3,3,3,3,4,3,3,3,3,3,3,3,3,3,3,4,3,2,2,4,4,4,3
FEM,2017,TRANSFERENCIA DE CALOR II,4,4,4,4,4,4,4,4,4,4,4,4,4,4,4,4,4,4,4,4,3,3,3,3,3,2,3,2
FEM,2017,TRANSFERENCIA DE CALOR II,4,4,4,4,4,4,3,3,3,4,4,4,4,4,4,4,3,3,4,2,3,3,3,3,4,4,4,3
FEC,2016,TRANSPORTE AQUAVIARIO,3,3,3,4,4,4,3,4,2,3,3,2,2,3,2,1,3,3,3,4,4,2,2,3,3,3,4,3
FEC,2016,TRANSPORTE AQUAVIARIO,4,4,4,4,4,4,4,4,4,4,4,4,4,4,4,4,4,4,4,4,4,4,2,3,3,3,4,4
FEC,2016,TRANSPORTE AQUAVIARIO,4,4,2,4,4,4,4,3,3,3,4,4,4,3,3,2,4,4,3,4,4,4,2,2,2,3,4,4
FAESA,2015,TRATAMENTO DE ESGOTO SANITARIO,4,4,4,4,4,4,4,4,4,4,4,4,4,4,4,4,4,4,4,4,4,4,4,4,4,4,4,4
FAESA,2015,TRATAMENTO DE ESGOTO SANITARIO,4,4,4,4,4,4,4,4,4,4,4,4,4,4,4,3,4,4,4,4,4,4,2,4,4,4,4,4
FAESA,2015,TRATAMENTO DE ESGOTO SANITARIO,4,4,4,4,4,4,4,4,4,3,4,4,4,4,4,4,4,4,4,4,3,2,2,4,4,4,4,4
FAESA,2016,TRATAMENTO DE RESIDUOS SOLIDOS,4,4,4,3,4,4,4,4,3,3,4,4,4,4,4,4,4,4,4,4,4,4,2,3,3,4,4,3
FAESA,2016,TRATAMENTO DE RESIDUOS SOLIDOS,4,4,3,2,3,1,1,2,3,1,3,1,1,1,1,1,2,3,3,3,3,3,2,3,3,3,4,2
FAESA,2016,TRATAMENTO DE RESIDUOS SOLIDOS,4,4,4,4,4,4,4,4,4,4,4,4,4,4,4,4,4,4,4,4,4,4,4,4,4,4,4,4
FAESA,2016,TRATAMENTO DE RESIDUOS SOLIDOS,4,4,4,4,4,4,4,4,4,4,4,4,3,4,3,3,4,4,4,4,4,4,3,3,4,3,4,3
FAESA,2015,TRATAMENTO DE RESIDUOS SOLIDOS,4,4,4,4,4,4,4,4,4,4,4,4,4,4,4,4,4,4,4,4,4,4,4,4,4,4,4,4
FEM,2017,TUBULACOES INDUSTRIAIS,4,4,4,4,4,4,4,4,4,4,4,4,4,4,4,4,4,4,4,4,4,3,4,4,4,4,4,4
FEM,2017,TUBULACOES INDUSTRIAIS,3,4,4,4,4,4,4,4,4,4,4,4,3,4,4,4,4,4,4,4,3,2,1,3,3,4,4,4
FEM,2017,TUBULACOES INDUSTRIAIS,4,4,4,4,4,4,4,4,4,4,4,4,4,3,3,4,4,4,4,4,3,3,3,4,3,4,3,3
FEM,2017,TUBULACOES INDUSTRIAIS,4,4,4,4,4,4,4,4,4,4,4,4,4,4,4,4,3,4,4,3,3,3,3,3,3,4,4,3
FEM,2017,TUBULACOES INDUSTRIAIS,3,4,4,4,4,3,4,3,3,4,4,4,4,4,4,4,3,4,4,3,3,3,1,2,2,3,3,2
FEM,2017,TUBULACOES INDUSTRIAIS,4,4,4,4,4,4,4,4,4,4,4,4,4,4,4,4,4,4,4,4,4,2,4,4,4,4,4,4
FEM,2017,TUBULACOES INDUSTRIAIS,4,4,4,4,4,4,4,4,4,4,4,4,4,4,4,4,4,4,4,4,4,4,2,3,3,4,4,3
FEM,2017,TUBULACOES INDUSTRIAIS,4,4,4,4,4,4,4,4,4,4,3,3,3,3,3,3,3,3,3,3,3,3,2,3,3,3,4,3
FECOMP,2019,VARIAVEIS COMPLEXAS,4,4,4,4,4,4,4,4,4,4,4,4,4,4,4,4,4,4,4,4,3,3,4,4,4,4,4,4
FECOMP,2019,VARIAVEIS COMPLEXAS,4,4,4,4,4,4,4,4,4,4,4,4,4,4,4,4,4,4,4,4,4,4,4,4,4,4,4,4
FECOMP,2019,VARIAVEIS COMPLEXAS,4,4,4,4,4,4,4,4,4,4,4,4,4,4,4,4,4,4,4,4,3,3,3,4,3,4,4,4
FECOMP,2019,VARIAVEIS COMPLEXAS,4,4,3,4,4,4,4,4,4,4,3,4,2,3,3,3,3,3,3,3,3,3,2,4,4,4,4,3
FECOMP,2019,VARIAVEIS COMPLEXAS,4,4,4,4,4,4,4,4,4,4,4,4,4,4,4,4,4,4,4,4,4,4,4,4,4,4,4,4
FECOMP,2019,VARIAVEIS COMPLEXAS,4,4,4,4,4,4,4,4,4,4,4,4,4,4,4,4,4,4,4,4,3,4,2,4,4,4,4,3
FEM,2016,VIBRACOES MECANICAS,4,3,4,4,4,4,4,4,4,2,4,4,4,4,4,3,4,4,4,4,4,4,4,3,4,4,4,4
FEM,2016,VIBRACOES MECANICAS,4,4,4,4,4,4,4,4,4,4,4,4,4,4,4,4,4,4,4,4,4,4,2,2,4,4,4,3
FEM,2016,VIBRACOES MECANICAS,4,4,4,4,4,4,4,4,4,4,4,4,4,4,4,4,4,4,4,4,4,4,4,4,4,4,4,4
FEM,2016,VIBRACOES MECANICAS,4,4,4,4,4,4,4,4,4,4,4,4,4,4,4,4,4,4,4,3,3,3,3,4,4,4,4,4
FEC,2019,Geologia de Engenharia (EC18149),4,3,4,4,4,4,4,4,4,4,4,4,4,4,4,4,4,4,4,4,4,2,1,2,3,3,4,2
FEE,2018,CIRCUITOS ELETRICOS II,3,3,3,3,4,3,3,3,3,3,3,3,3,4,4,3,3,3,3,3,4,3,4,4,4,4,4,4
FEE,2018,TEORIA ELETROMAGNETICA II,4,3,3,3,3,3,3,3,3,4,4,4,3,4,3,3,4,4,4,4,4,4,4,4,4,4,4,4
FEE,2018,ELETRONICA ANALOGICA I,4,4,4,4,4,4,4,4,4,4,4,4,4,4,4,4,4,4,4,4,4,4,4,4,4,4,4,4
FEE,2018,TEORIA DAS COMUNICACOES,4,4,4,4,4,4,4,4,4,4,4,4,4,4,4,4,4,4,4,4,4,4,4,4,4,4,4,4
FEE,2018,NOCOES DE ECONOMIA PARA ENGENHEIROS,4,4,4,4,4,4,4,4,4,4,4,4,4,4,4,4,4,4,4,4,4,4,4,4,4,4,4,4
FEE,2018,ADMINISTRACAO PARA ENGENHEIROS,4,4,4,4,4,4,4,4,4,4,4,4,4,4,4,4,4,4,4,4,4,4,4,4,4,4,4,4
FEE,2019,CALCULO IV,4,3,3,3,4,4,3,3,3,4,4,4,3,3,3,4,4,3,4,3,3,4,2,3,3,3,3,3
FEE,2019,DIREITO E LEGISLACAO,3,2,3,2,3,3,2,2,3,3,2,3,3,3,2,3,3,3,2,2,3,3,3,3,3,3,3,3
FEE,2019,ELETRONICA DIGITAL II,4,3,4,4,4,4,4,2,3,3,3,3,3,3,2,3,4,3,3,3,2,3,3,2,3,3,3,2
FEE,2019,FISICA PARA ENGENHARIA II,3,3,2,3,2,3,2,3,2,3,3,3,3,2,3,3,3,2,3,3,3,2,2,3,3,3,3,2
FEE,2019,FISICA PARA ENGENHARIA III,3,3,3,3,3,3,3,3,3,3,3,3,3,3,3,3,3,3,3,3,3,3,3,3,3,4,3,3
FEE,2019,FUNCOES DE UMA VARIAVEL COMPLEXA,3,3,3,3,3,3,3,3,3,3,3,3,3,3,3,3,3,3,3,3,3,3,3,3,3,4,3,4
FEE,2019,FUNCOES ESPECIAIS PARA ENGENHARIA,3,4,3,4,3,4,3,4,3,4,3,4,3,4,3,4,3,4,3,4,3,4,4,3,4,3,4,3
FEE,2020,CALCULO I,4,4,4,4,4,4,4,4,4,4,4,4,4,4,4,4,4,4,4,4,4,4,4,4,4,4,4,4
FEE,2020,ALGEBRA LINEAR,4,4,4,4,4,4,4,4,4,4,4,4,4,4,4,4,4,4,4,4,4,4,4,4,4,4,4,4
FEE,2020,INTRODUCAO A CIENCIA DA COMPUTACAO,4,4,4,4,4,4,4,4,4,4,4,4,4,4,4,4,4,4,4,4,4,4,4,4,4,4,4,4
FEE,2020,QUIMICA GERAL PARA ENGENHARIA,4,3,3,4,3,4,4,4,3,4,4,3,4,2,3,4,4,4,4,4,4,4,4,4,4,4,4,4
FEE,2020,ALGEBRA LINEAR,4,4,4,4,4,4,4,4,4,4,4,4,4,4,4,4,4,4,4,4,4,4,4,4,4,4,4,4
FEE,2020,CALCULO I,4,4,4,4,4,4,4,4,4,4,4,4,4,4,4,4,4,4,4,4,4,4,4,4,4,4,4,4
FEE,2020,SEMINARIOS DE ENGENHARIA ELETRICA,4,4,4,4,4,4,4,4,4,4,4,4,4,4,4,4,4,4,4,4,4,4,4,4,4,4,4,4
FEE,2020,INTRODUCAO A CIENCIA DA COMPUTACAO,4,4,4,4,4,4,4,4,4,4,4,4,4,4,4,4,4,4,4,4,4,4,4,4,4,4,4,4
FEE,2020,QUIMICA GERAL PARA ENGENHARIA,4,4,4,4,4,4,4,4,4,4,4,4,4,4,4,4,4,4,4,4,4,4,4,4,4,4,4,4
FEE,2020,ALGEBRA LINEAR,4,4,4,4,4,4,4,4,4,3,4,4,4,3,4,4,2,2,2,2,1,1,1,1,1,1,1,1
FEE,2020,ALGEBRA LINEAR,4,4,4,4,4,4,4,3,4,3,4,4,4,4,4,3,4,4,3,4,4,2,4,4,3,4,4,4
FEE,2020,CALCULO I,3,3,3,3,3,3,3,3,3,1,3,2,3,2,2,2,3,3,3,2,4,2,4,4,3,4,4,3
FEE,2020,INTRODUCAO A CIENCIA DA COMPUTACAO,3,3,3,4,4,4,4,4,4,4,4,4,4,4,4,4,4,4,4,4,3,2,4,4,3,4,4,4
FEE,2020,QUIMICA GERAL PARA ENGENHARIA,3,3,4,4,4,4,4,4,3,3,3,3,3,4,3,3,3,3,3,3,4,2,4,4,3,4,4,3
FEE,2020,SEMINARIOS DE ENGENHARIA ELETRICA,4,4,4,4,4,4,4,4,4,4,4,4,4,4,4,4,4,4,4,4,4,2,4,4,4,4,4,4
FEE,2019,FISICA PARA ENGENHARIA III,4,4,4,4,4,4,4,4,4,4,4,4,4,4,4,4,4,4,4,4,2,2,2,4,4,3,3,3
FEE,2019,CALCULO IV,2,2,2,3,4,2,2,3,2,3,2,1,1,2,2,1,2,2,2,2,3,4,4,3,4,2,3,2
FEE,2019,FISICA PARA ENGENHARIA III,4,4,4,4,4,4,4,4,4,4,4,4,3,2,4,1,4,4,4,4,4,4,4,3,4,2,3,3
FEE,2019,FUNCOES ESPECIAIS PARA ENGENHARIA,4,4,4,4,4,4,4,4,4,4,4,4,4,4,4,4,4,4,4,4,4,4,4,3,4,2,3,3
FEE,2019,FUNCOES DE UMA VARIAVEL COMPLEXA,4,4,4,4,4,4,4,4,4,4,4,4,4,4,4,4,4,4,3,4,4,4,4,3,4,2,3,3
FEE,2020,ALGEBRA LINEAR,4,4,4,4,4,4,4,4,4,4,4,4,4,4,4,4,4,4,2,4,3,2,2,3,3,4,4,4
FEE,2020,CALCULO I,3,4,3,4,4,4,3,3,3,2,4,4,3,3,3,4,3,3,3,3,3,2,2,4,2,4,4,3
FEE,2020,QUIMICA GERAL PARA ENGENHARIA,4,4,3,4,3,4,4,1,3,2,3,3,4,3,3,2,3,4,3,4,3,2,2,4,4,4,4,2
FEE,2020,SEMINARIOS DE ENGENHARIA ELETRICA,4,4,4,4,4,4,4,4,3,3,4,4,4,4,4,4,4,4,4,4,3,2,2,3,3,4,4,4
FEE,2020,INTRODUCAO A CIENCIA DA COMPUTACAO,3,4,4,4,4,4,4,3,4,4,4,4,4,4,4,4,3,4,4,4,3,2,3,4,4,4,4,4
FEE,2020,ALGEBRA LINEAR,4,4,4,4,4,4,4,4,4,4,4,4,4,4,4,4,4,4,4,4,4,4,3,3,4,4,2,3
FEE,2020,CALCULO I,1,3,1,1,2,2,3,1,1,1,1,2,1,3,2,1,1,2,2,4,3,4,2,2,3,4,3,1
FEE,2020,INTRODUCAO A CIENCIA DA COMPUTACAO,4,4,2,4,4,4,2,4,4,4,4,3,4,4,4,4,4,4,4,2,3,4,3,2,2,4,2,2
FEE,2017,EL18043 - ELETRONICA ANALOGICA I,3,4,3,3,4,4,3,3,2,1,2,3,2,2,2,1,3,3,3,3,4,1,1,3,3,3,4,2
FEE,2017,TEORIA ELETROMAGNETICA II,4,4,4,3,4,4,4,3,2,3,3,4,2,4,4,3,3,3,3,4,4,2,1,2,2,3,4,2
FEE,2019,CALCULO II,4,4,4,4,4,4,4,4,4,4,4,4,4,4,4,3,4,4,4,4,4,4,2,4,4,4,4,4
FEE,2019,ELETRONICA DIGITAL II,1,3,1,4,4,3,3,1,1,1,1,1,1,2,1,2,1,3,1,4,4,4,4,4,4,4,4,3
FEE,2019,FUNCOES ESPECIAIS PARA ENGENHARIA,4,4,4,4,4,4,4,4,4,4,4,4,4,4,4,4,4,4,4,4,4,4,4,4,4,4,4,4
FEE,2019,FUNCOES DE UMA VARIAVEL COMPLEXA,4,4,4,4,4,4,4,4,4,4,4,4,4,4,4,4,4,4,4,4,4,4,4,4,4,4,4,4
FEE,2018,TEORIA DAS COMUNICACOES,3,4,4,4,4,4,4,4,4,4,4,4,4,4,4,4,4,4,4,4,4,3,4,3,3,4,3,3
FEE,2018,NOCOES DE ECONOMIA PARA ENGENHEIROS,4,4,4,4,4,4,4,4,4,4,4,4,4,4,4,4,4,4,4,4,4,3,3,2,3,3,2,2
FEE,2018,INSTALACOES ELETRICAS,4,4,4,4,4,4,4,4,4,4,4,4,4,4,4,4,4,4,4,4,4,2,3,3,3,3,3,3
FEE,2018,ADMINISTRACAO PARA ENGENHEIROS,4,4,4,4,4,4,4,4,4,4,4,4,4,4,4,4,4,4,4,4,4,3,3,2,3,3,3,3
FEE,2018,TEORIA ELETROMAGNETICA II,4,4,2,4,4,4,4,2,1,4,4,2,1,4,4,1,2,3,2,4,3,2,2,2,2,3,3,2
FEE,2019,DIREITO E LEGISLACAO,3,4,4,4,4,4,4,4,4,4,4,4,4,4,4,4,4,4,4,4,4,4,4,4,4,3,4,4
FEE,2019,ELETRONICA DIGITAL II,2,4,2,4,4,2,1,4,1,2,3,3,3,1,1,4,2,3,4,4,1,4,4,1,4,4,4,4
FEE,2017,ADMINISTRACAO PARA ENGENHEIROS,4,4,4,4,3,3,3,3,4,3,3,4,4,4,3,4,3,3,4,3,4,3,3,3,4,3,3,4
FEE,2017,INSTALACOES ELETRICAS,4,3,3,4,3,3,3,3,4,3,3,4,4,4,3,4,3,3,3,3,4,3,3,3,4,3,4,3
FEE,2017,SISTEMAS DE ENERGIA ELETRICA,3,3,4,4,4,4,4,4,4,4,2,3,3,4,4,3,3,4,4,4,4,3,3,3,4,2,4,3
FEE,2017,CONVERSAO DE ENERGIA II,4,4,4,4,4,4,4,4,4,4,4,4,4,4,4,4,4,4,4,4,4,4,3,3,4,3,4,4
FEE,2018,ELETRONICA ANALOGICA I,4,4,4,4,4,3,4,2,3,2,3,3,3,4,4,4,3,3,4,4,3,2,2,2,3,4,4,2
FEE,2017,CONVERSAO DE ENERGIA II,4,4,3,4,4,4,4,3,3,4,4,4,4,4,4,4,4,4,4,4,4,3,3,3,4,3,4,4
FEE,2017,COMUNICACOES AVANCADAS,4,4,4,4,4,4,4,4,4,4,4,4,4,4,4,3,4,4,4,4,3,3,3,3,4,3,4,3
FEE,2017,NOCOES DE ECONOMIA PARA ENGENHEIROS,4,3,4,4,3,3,3,3,4,4,3,4,4,4,4,4,3,4,3,4,4,3,3,4,4,3,4,4
FEE,2018,ADMINISTRACAO PARA ENGENHEIROS,4,3,4,4,3,4,4,4,4,3,4,4,4,4,4,3,3,4,4,4,4,3,4,2,4,2,4,4
